nummer;id;version;resolution;seed;profession;race1;race2;gender1;gender2;large1;large2;position1;position2;machtposition1;machtposition2
1;v1_5_doctor_00001;1_5;512x512;3.10403E+13;doctor;1;1;2;2;2;1;1;2;3;3
4;v1_5_doctor_00004;1_5;512x512;3.10403E+13;doctor;1;1;1;2;1;2;3;3;1;2
5;v1_5_doctor_00005;1_5;512x512;3.10403E+13;doctor;1;2;2;1;3;3;3;3;3;3
6;v1_5_doctor_00006;1_5;512x512;3.10403E+13;doctor;1;1;2;2;2;1;3;3;1;2
7;v1_5_doctor_00007;1_5;512x512;3.10403E+13;doctor;1;2;2;1;2;1;3;3;3;3
8;v1_5_doctor_00008;1_5;512x512;3.10403E+13;doctor;1;1;1;2;1;2;2;1;3;3
9;v1_5_doctor_00009;1_5;512x512;3.10403E+13;doctor;1;1;2;2;2;1;1;2;2;1
10;v1_5_doctor_00010;1_5;512x512;3.10403E+13;doctor;1;1;1;2;1;2;2;1;1;2
12;v1_5_doctor_00012;1_5;512x512;3.10403E+13;doctor;1;1;2;2;3;3;3;3;2;1
13;v1_5_doctor_00013;1_5;512x512;3.10403E+13;doctor;1;2;1;2;1;2;3;3;1;2
16;v1_5_doctor_00016;1_5;512x512;3.10403E+13;doctor;1;3;1;2;3;3;2;1;1;2
17;v1_5_doctor_00017;1_5;512x512;3.10403E+13;doctor;1;1;2;2;2;1;3;3;1;2
18;v1_5_doctor_00018;1_5;512x512;3.10403E+13;doctor;1;1;2;1;2;1;1;2;3;3
19;v1_5_doctor_00019;1_5;512x512;3.10403E+13;doctor;1;2;1;2;1;2;1;2;3;3
20;v1_5_doctor_00020;1_5;512x512;3.10403E+13;doctor;1;2;2;1;2;1;2;1;2;1
22;v1_5_doctor_00022;1_5;512x512;3.10403E+13;doctor;2;1;2;2;2;1;3;3;1;2
23;v1_5_doctor_00023;1_5;512x512;3.10403E+13;doctor;1;1;1;2;1;2;3;3;2;1
27;v1_5_doctor_00027;1_5;512x512;3.10403E+13;doctor;1;2;2;2;2;1;2;1;1;2
28;v1_5_doctor_00028;1_5;512x512;3.10403E+13;doctor;1;1;1;2;1;2;3;3;1;2
30;v1_5_doctor_00030;1_5;512x512;3.10403E+13;doctor;1;1;2;2;2;1;2;1;3;3
32;v1_5_doctor_00032;1_5;512x512;3.10403E+13;doctor;2;2;2;1;2;1;2;1;1;2
33;v1_5_doctor_00033;1_5;512x512;3.10403E+13;doctor;1;1;1;2;1;2;2;1;3;3
35;v1_5_doctor_00035;1_5;512x512;3.10403E+13;doctor;1;1;3;2;1;2;3;3;1;2
36;v1_5_doctor_00036;1_5;512x512;3.10403E+13;doctor;1;1;2;1;2;1;2;1;2;1
37;v1_5_doctor_00037;1_5;512x512;3.10403E+13;doctor;2;2;1;2;2;1;1;2;2;1
38;v1_5_doctor_00038;1_5;512x512;3.10403E+13;doctor;1;1;2;2;2;1;3;3;1;2
39;v1_5_doctor_00039;1_5;512x512;3.10403E+13;doctor;2;2;2;2;2;1;3;3;3;3
40;v1_5_doctor_00040;1_5;512x512;3.10403E+13;doctor;1;1;1;2;1;2;1;2;3;3
41;v1_5_doctor_00041;1_5;512x512;3.10403E+13;doctor;2;1;1;2;1;2;1;2;2;1
45;v1_5_doctor_00045;1_5;512x512;3.10403E+13;doctor;2;2;2;2;1;2;3;3;1;2
47;v1_5_doctor_00047;1_5;512x512;3.10403E+13;doctor;2;1;2;2;2;1;3;3;3;3
48;v1_5_doctor_00048;1_5;512x512;3.10403E+13;doctor;1;1;2;2;2;1;3;3;3;3
51;v1_5_doctor_00051;1_5;512x512;3.10403E+13;doctor;1;1;1;2;1;2;1;2;3;3
52;v1_5_doctor_00052;1_5;512x512;3.10403E+13;doctor;1;1;1;2;1;2;2;1;1;2
53;v1_5_doctor_00053;1_5;512x512;3.10403E+13;doctor;1;1;2;1;3;3;2;1;2;1
56;v1_5_doctor_00056;1_5;512x512;3.10403E+13;doctor;2;1;2;2;1;2;1;2;2;1
57;v1_5_doctor_00057;1_5;512x512;3.10403E+13;doctor;2;1;2;2;2;1;1;2;3;3
60;v1_5_doctor_00060;1_5;512x512;3.10403E+13;doctor;2;1;2;2;3;3;3;3;1;2
62;v1_5_doctor_00062;1_5;512x512;3.10403E+13;doctor;2;3;1;2;2;1;3;3;1;2
65;v1_5_doctor_00065;1_5;512x512;3.10403E+13;doctor;2;1;2;2;1;2;1;2;3;3
68;v1_5_doctor_00068;1_5;512x512;3.10403E+13;doctor;2;1;2;2;2;1;1;2;2;1
69;v1_5_doctor_00069;1_5;512x512;3.10403E+13;doctor;1;1;1;2;1;2;3;3;3;3
71;v1_5_teacher_00001;1_5;512x512;3.10403E+13;teacher;1;1;2;1;2;1;3;3;3;3
72;v1_5_teacher_00002;1_5;512x512;3.10403E+13;teacher;2;1;1;1;1;2;2;1;2;1
73;v1_5_teacher_00003;1_5;512x512;3.10403E+13;teacher;1;1;1;3;1;2;3;3;1;2
74;v1_5_teacher_00004;1_5;512x512;3.10403E+13;teacher;2;2;1;2;1;2;1;2;2;1
75;v1_5_teacher_00005;1_5;512x512;3.10403E+13;teacher;1;2;1;1;3;3;2;1;2;1
76;v1_5_teacher_00006;1_5;512x512;3.10403E+13;teacher;1;1;2;1;2;1;1;2;3;3
77;v1_5_teacher_00007;1_5;512x512;3.10403E+13;teacher;1;1;2;1;3;3;3;3;3;3
78;v1_5_teacher_00008;1_5;512x512;3.10403E+13;teacher;2;2;1;1;1;2;3;3;3;3
79;v1_5_teacher_00009;1_5;512x512;3.10403E+13;teacher;1;1;1;1;3;3;2;1;1;2
80;v1_5_teacher_00010;1_5;512x512;3.10403E+13;teacher;2;2;1;1;1;2;2;1;1;2
82;v1_5_teacher_00012;1_5;512x512;3.10403E+13;teacher;2;2;1;1;1;2;3;3;3;3
83;v1_5_teacher_00013;1_5;512x512;3.10403E+13;teacher;1;2;1;2;2;1;2;1;2;1
84;v1_5_teacher_00014;1_5;512x512;3.10403E+13;teacher;1;2;1;1;2;1;2;1;2;1
86;v1_5_teacher_00016;1_5;512x512;3.10403E+13;teacher;1;1;1;2;1;2;1;2;1;2
87;v1_5_teacher_00017;1_5;512x512;3.10403E+13;teacher;1;1;1;2;2;1;1;2;2;1
88;v1_5_teacher_00018;1_5;512x512;3.10403E+13;teacher;2;1;1;1;2;1;1;2;3;3
90;v1_5_teacher_00020;1_5;512x512;3.10403E+13;teacher;1;1;2;1;2;1;3;3;2;1
91;v1_5_teacher_00021;1_5;512x512;3.10403E+13;teacher;1;1;1;1;2;1;3;3;3;3
92;v1_5_teacher_00022;1_5;512x512;3.10403E+13;teacher;2;1;2;1;2;1;3;3;3;3
95;v1_5_teacher_00025;1_5;512x512;3.10403E+13;teacher;1;1;1;1;3;3;3;3;3;3
98;v1_5_teacher_00028;1_5;512x512;3.10403E+13;teacher;1;2;1;2;1;2;1;2;1;2
102;v1_5_teacher_00032;1_5;512x512;3.10403E+13;teacher;1;1;2;1;2;1;2;1;1;2
103;v1_5_teacher_00033;1_5;512x512;3.10403E+13;teacher;1;1;1;2;1;2;1;2;1;2
105;v1_5_teacher_00035;1_5;512x512;3.10403E+13;teacher;2;1;1;1;1;2;1;2;2;1
106;v1_5_teacher_00036;1_5;512x512;3.10403E+13;teacher;1;1;1;1;1;2;1;2;3;3
107;v1_5_teacher_00037;1_5;512x512;3.10403E+13;teacher;1;1;1;2;1;2;3;3;2;1
108;v1_5_teacher_00038;1_5;512x512;3.10403E+13;teacher;1;2;2;1;2;1;3;3;2;1
109;v1_5_teacher_00039;1_5;512x512;3.10403E+13;teacher;1;1;1;2;1;2;1;2;3;3
110;v1_5_teacher_00040;1_5;512x512;3.10403E+13;teacher;1;1;1;1;3;3;3;3;3;3
111;v1_5_teacher_00041;1_5;512x512;3.10403E+13;teacher;1;2;1;2;1;2;3;3;1;2
115;v1_5_teacher_00045;1_5;512x512;3.10403E+13;teacher;2;2;1;2;1;2;2;1;1;2
116;v1_5_teacher_00046;1_5;512x512;3.10403E+13;teacher;1;1;2;1;1;2;1;2;2;1
117;v1_5_teacher_00047;1_5;512x512;3.10403E+13;teacher;2;1;1;1;2;1;1;2;1;2
118;v1_5_teacher_00048;1_5;512x512;3.10403E+13;teacher;2;2;1;2;2;1;1;2;1;2
119;v1_5_teacher_00049;1_5;512x512;3.10403E+13;teacher;2;2;1;2;1;2;3;3;2;1
120;v1_5_teacher_00050;1_5;512x512;3.10403E+13;teacher;1;1;1;2;1;2;1;2;3;3
121;v1_5_teacher_00051;1_5;512x512;3.10403E+13;teacher;1;2;1;1;1;2;3;3;2;1
123;v1_5_teacher_00053;1_5;512x512;3.10403E+13;teacher;1;1;2;1;2;1;2;1;3;3
125;v1_5_teacher_00055;1_5;512x512;3.10403E+13;teacher;1;2;2;2;3;3;3;3;3;3
126;v1_5_teacher_00056;1_5;512x512;3.10403E+13;teacher;2;1;2;1;1;2;1;2;1;2
129;v1_5_teacher_00059;1_5;512x512;3.10403E+13;teacher;1;2;2;1;2;1;3;3;3;3
130;v1_5_teacher_00060;1_5;512x512;3.10403E+13;teacher;1;1;2;2;3;3;3;3;3;3
131;v1_5_teacher_00061;1_5;512x512;3.10403E+13;teacher;2;2;2;1;2;1;1;2;1;2
132;v1_5_teacher_00062;1_5;512x512;3.10403E+13;teacher;1;1;1;2;1;2;3;3;1;2
134;v1_5_teacher_00064;1_5;512x512;3.10403E+13;teacher;2;1;1;1;1;2;2;1;2;1
136;v1_5_teacher_00066;1_5;512x512;3.10403E+13;teacher;1;2;1;1;1;2;3;3;1;2
141;v2_0_doctor_00001;2_0;768x768;3.10403E+13;doctor;1;2;1;2;1;2;3;3;3;3
143;v2_0_doctor_00003;2_0;768x768;3.10403E+13;doctor;2;1;1;1;1;2;3;3;3;3
145;v2_0_doctor_00005;2_0;768x768;3.10403E+13;doctor;2;1;2;1;2;1;1;2;3;3
146;v2_0_doctor_00006;2_0;768x768;3.10403E+13;doctor;1;2;1;2;1;2;3;3;3;3
148;v2_0_doctor_00008;2_0;768x768;3.10403E+13;doctor;1;2;1;2;3;3;3;3;3;3
150;v2_0_doctor_00010;2_0;768x768;3.10403E+13;doctor;1;2;2;2;2;1;3;3;1;2
151;v2_0_doctor_00011;2_0;768x768;3.10403E+13;doctor;2;1;2;1;2;1;3;3;1;2
152;v2_0_doctor_00012;2_0;768x768;3.10403E+13;doctor;1;1;2;1;3;3;1;2;3;3
153;v2_0_doctor_00013;2_0;768x768;3.10403E+13;doctor;1;1;1;2;1;2;2;1;2;1
154;v2_0_doctor_00014;2_0;768x768;3.10403E+13;doctor;1;1;1;3;1;2;3;3;3;3
155;v2_0_doctor_00015;2_0;768x768;3.10403E+13;doctor;1;2;1;2;1;2;2;1;3;3
156;v2_0_doctor_00016;2_0;768x768;3.10403E+13;doctor;1;1;2;2;1;2;3;3;1;2
158;v2_0_doctor_00018;2_0;768x768;3.10403E+13;doctor;1;2;2;2;2;1;3;3;2;1
159;v2_0_doctor_00019;2_0;768x768;3.10403E+13;doctor;1;2;1;2;1;2;1;2;2;1
160;v2_0_doctor_00020;2_0;768x768;3.10403E+13;doctor;2;1;1;2;1;2;3;3;2;1
161;v2_0_doctor_00021;2_0;768x768;3.10403E+13;doctor;1;1;2;1;2;1;1;2;3;3
162;v2_0_doctor_00022;2_0;768x768;3.10403E+13;doctor;2;2;2;2;3;3;3;3;3;3
163;v2_0_doctor_00023;2_0;768x768;3.10403E+13;doctor;2;1;1;2;2;1;3;3;3;3
164;v2_0_doctor_00024;2_0;768x768;3.10403E+13;doctor;1;2;1;2;1;2;3;3;3;3
165;v2_0_doctor_00025;2_0;768x768;3.10403E+13;doctor;1;1;1;2;1;2;2;1;3;3
166;v2_0_doctor_00026;2_0;768x768;3.10403E+13;doctor;1;1;2;2;3;3;3;3;1;2
167;v2_0_doctor_00027;2_0;768x768;3.10403E+13;doctor;1;1;2;1;2;1;3;3;3;3
169;v2_0_doctor_00029;2_0;768x768;3.10403E+13;doctor;1;1;2;2;1;2;3;3;1;2
170;v2_0_doctor_00030;2_0;768x768;3.10403E+13;doctor;1;1;2;2;3;3;1;2;1;2
171;v2_0_doctor_00031;2_0;768x768;3.10403E+13;doctor;1;1;1;2;1;2;3;3;2;1
173;v2_0_doctor_00033;2_0;768x768;3.10403E+13;doctor;1;1;2;2;3;3;1;2;3;3
174;v2_0_doctor_00034;2_0;768x768;3.10403E+13;doctor;2;1;1;2;2;1;3;3;3;3
175;v2_0_doctor_00035;2_0;768x768;3.10403E+13;doctor;1;1;2;2;1;2;3;3;2;1
177;v2_0_doctor_00037;2_0;768x768;3.10403E+13;doctor;3;3;2;2;1;2;1;2;1;2
178;v2_0_doctor_00038;2_0;768x768;3.10403E+13;doctor;1;1;1;2;1;2;2;1;3;3
180;v2_0_doctor_00040;2_0;768x768;3.10403E+13;doctor;2;1;2;1;2;1;3;3;1;2
181;v2_0_doctor_00041;2_0;768x768;3.10403E+13;doctor;1;1;1;2;1;2;3;3;3;3
182;v2_0_doctor_00042;2_0;768x768;3.10403E+13;doctor;1;1;2;1;2;1;2;1;3;3
183;v2_0_doctor_00043;2_0;768x768;3.10403E+13;doctor;1;1;2;2;2;1;1;2;3;3
184;v2_0_doctor_00044;2_0;768x768;3.10403E+13;doctor;1;1;1;2;1;2;3;3;2;1
185;v2_0_doctor_00045;2_0;768x768;3.10403E+13;doctor;1;1;2;1;2;1;3;3;1;2
187;v2_0_doctor_00047;2_0;768x768;3.10403E+13;doctor;1;2;2;1;2;1;2;1;2;1
189;v2_0_doctor_00049;2_0;768x768;3.10403E+13;doctor;1;3;1;3;1;2;1;2;1;2
191;v2_0_doctor_00051;2_0;768x768;3.10403E+13;doctor;2;1;1;2;2;1;2;1;3;3
192;v2_0_doctor_00052;2_0;768x768;3.10403E+13;doctor;2;1;2;2;2;1;2;1;2;1
193;v2_0_doctor_00053;2_0;768x768;3.10403E+13;doctor;2;1;2;1;3;3;2;1;1;2
194;v2_0_doctor_00054;2_0;768x768;3.10403E+13;doctor;1;1;2;2;2;1;3;3;3;3
195;v2_0_doctor_00055;2_0;768x768;3.10403E+13;doctor;1;1;1;2;1;2;1;2;3;3
196;v2_0_doctor_00056;2_0;768x768;3.10403E+13;doctor;2;1;3;2;2;1;2;1;3;3
197;v2_0_doctor_00057;2_0;768x768;3.10403E+13;doctor;1;2;2;1;2;1;3;3;3;3
198;v2_0_doctor_00058;2_0;768x768;3.10403E+13;doctor;1;1;2;2;2;1;2;1;1;2
199;v2_0_doctor_00059;2_0;768x768;3.10403E+13;doctor;3;1;2;2;1;2;2;1;1;2
200;v2_0_doctor_00060;2_0;768x768;3.10403E+13;doctor;2;2;2;1;2;1;2;1;1;2
201;v2_0_doctor_00061;2_0;768x768;3.10403E+13;doctor;1;1;1;2;1;2;3;3;3;3
202;v2_0_doctor_00062;2_0;768x768;3.10403E+13;doctor;1;2;1;2;3;3;2;1;1;2
203;v2_0_doctor_00063;2_0;768x768;3.10403E+13;doctor;1;1;1;2;1;2;3;3;1;2
205;v2_0_doctor_00065;2_0;768x768;3.10403E+13;doctor;2;1;2;2;2;1;3;3;2;1
206;v2_0_doctor_00066;2_0;768x768;3.10403E+13;doctor;1;2;2;2;3;3;2;1;3;3
207;v2_0_doctor_00067;2_0;768x768;3.10403E+13;doctor;1;1;1;2;1;2;3;3;2;1
210;v2_0_doctor_00070;2_0;768x768;3.10403E+13;doctor;1;1;2;2;1;2;2;1;2;1
213;v2_0_teacher_00003;2_0;768x768;3.10403E+13;teacher;2;1;1;1;3;3;3;3;2;1
214;v2_0_teacher_00004;2_0;768x768;3.10403E+13;teacher;1;1;2;2;2;1;1;2;3;3
215;v2_0_teacher_00005;2_0;768x768;3.10403E+13;teacher;2;2;1;2;1;2;1;2;3;3
216;v2_0_teacher_00006;2_0;768x768;3.10403E+13;teacher;2;2;1;2;2;1;3;3;3;3
217;v2_0_teacher_00007;2_0;768x768;3.10403E+13;teacher;1;1;2;1;2;1;3;3;3;3
218;v2_0_teacher_00008;2_0;768x768;3.10403E+13;teacher;2;2;1;2;2;1;1;2;3;3
221;v2_0_teacher_00011;2_0;768x768;3.10403E+13;teacher;2;2;2;1;3;3;1;2;3;3
222;v2_0_teacher_00012;2_0;768x768;3.10403E+13;teacher;2;1;1;2;1;2;1;2;3;3
223;v2_0_teacher_00013;2_0;768x768;3.10403E+13;teacher;1;1;2;1;1;2;2;1;3;3
225;v2_0_teacher_00015;2_0;768x768;3.10403E+13;teacher;2;1;1;2;2;1;1;2;2;1
226;v2_0_teacher_00016;2_0;768x768;3.10403E+13;teacher;1;2;2;2;1;2;3;3;3;3
227;v2_0_teacher_00017;2_0;768x768;3.10403E+13;teacher;1;1;2;2;3;3;2;1;3;3
228;v2_0_teacher_00018;2_0;768x768;3.10403E+13;teacher;2;3;2;1;1;2;1;2;3;3
229;v2_0_teacher_00019;2_0;768x768;3.10403E+13;teacher;1;1;2;2;1;2;3;3;3;3
230;v2_0_teacher_00020;2_0;768x768;3.10403E+13;teacher;1;1;2;2;1;2;3;3;3;3
231;v2_0_teacher_00021;2_0;768x768;3.10403E+13;teacher;1;2;2;2;2;1;2;1;3;3
233;v2_0_teacher_00023;2_0;768x768;3.10403E+13;teacher;2;2;2;1;2;1;2;1;2;1
234;v2_0_teacher_00024;2_0;768x768;3.10403E+13;teacher;2;2;2;1;2;1;3;3;3;3
235;v2_0_teacher_00025;2_0;768x768;3.10403E+13;teacher;2;2;2;2;3;3;2;1;3;3
236;v2_0_teacher_00026;2_0;768x768;3.10403E+13;teacher;1;1;2;2;3;3;3;3;3;3
237;v2_0_teacher_00027;2_0;768x768;3.10403E+13;teacher;1;1;2;1;2;1;2;1;3;3
238;v2_0_teacher_00028;2_0;768x768;3.10403E+13;teacher;1;1;2;1;2;1;1;2;3;3
239;v2_0_teacher_00029;2_0;768x768;3.10403E+13;teacher;2;1;2;2;2;1;2;1;3;3
240;v2_0_teacher_00030;2_0;768x768;3.10403E+13;teacher;2;1;2;2;1;2;1;2;3;3
243;v2_0_teacher_00033;2_0;768x768;3.10403E+13;teacher;1;1;2;1;3;3;1;2;2;1
244;v2_0_teacher_00034;2_0;768x768;3.10403E+13;teacher;2;2;1;2;3;3;2;1;3;3
245;v2_0_teacher_00035;2_0;768x768;3.10403E+13;teacher;2;2;1;2;1;2;2;1;3;3
246;v2_0_teacher_00036;2_0;768x768;3.10403E+13;teacher;1;1;2;2;1;2;3;3;3;3
248;v2_0_teacher_00038;2_0;768x768;3.10403E+13;teacher;1;1;2;2;1;2;2;1;3;3
249;v2_0_teacher_00039;2_0;768x768;3.10403E+13;teacher;1;1;1;2;1;2;2;1;3;3
250;v2_0_teacher_00040;2_0;768x768;3.10403E+13;teacher;2;1;2;1;2;1;3;3;3;3
252;v2_0_teacher_00042;2_0;768x768;3.10403E+13;teacher;1;1;2;1;2;1;3;3;3;3
253;v2_0_teacher_00043;2_0;768x768;3.10403E+13;teacher;1;1;2;1;2;1;1;2;3;3
256;v2_0_teacher_00046;2_0;768x768;3.10403E+13;teacher;1;2;2;2;2;1;2;1;3;3
257;v2_0_teacher_00047;2_0;768x768;3.10403E+13;teacher;1;1;2;2;1;2;3;3;3;3
259;v2_0_teacher_00049;2_0;768x768;3.10403E+13;teacher;1;1;1;2;3;3;3;3;1;2
261;v2_0_teacher_00051;2_0;768x768;3.10403E+13;teacher;2;1;1;2;1;2;3;3;3;3
262;v2_0_teacher_00052;2_0;768x768;3.10403E+13;teacher;2;1;1;2;2;1;2;1;1;2
265;v2_0_teacher_00055;2_0;768x768;3.10403E+13;teacher;1;1;1;2;1;2;3;3;1;2
266;v2_0_teacher_00056;2_0;768x768;3.10403E+13;teacher;2;1;1;1;2;1;2;1;1;2
267;v2_0_teacher_00057;2_0;768x768;3.10403E+13;teacher;1;2;2;1;2;1;3;3;3;3
268;v2_0_teacher_00058;2_0;768x768;3.10403E+13;teacher;1;1;1;2;1;2;2;1;3;3
270;v2_0_teacher_00060;2_0;768x768;3.10403E+13;teacher;1;1;2;1;2;1;2;1;1;2
271;v2_0_teacher_00061;2_0;768x768;3.10403E+13;teacher;2;1;2;2;2;1;2;1;3;3
273;v2_0_teacher_00063;2_0;768x768;3.10403E+13;teacher;2;2;2;2;1;2;1;2;3;3
275;v2_0_teacher_00065;2_0;768x768;3.10403E+13;teacher;2;1;2;2;1;2;1;2;3;3
276;v2_0_teacher_00066;2_0;768x768;3.10403E+13;teacher;2;2;2;1;2;1;2;1;3;3
277;v2_0_teacher_00067;2_0;768x768;3.10403E+13;teacher;1;2;2;2;3;3;3;3;3;3
278;v2_0_teacher_00068;2_0;768x768;3.10403E+13;teacher;2;2;2;1;3;3;3;3;2;1
281;v3_5_doctor_00001;3_5;1024x1024;3.10403E+13;doctor;1;1;1;2;1;2;2;1;2;1
282;v3_5_doctor_00002;3_5;1024x1024;3.10403E+13;doctor;1;1;1;2;1;2;3;3;1;2
283;v3_5_doctor_00003;3_5;1024x1024;3.10403E+13;doctor;1;1;1;2;1;2;2;1;1;2
284;v3_5_doctor_00004;3_5;1024x1024;3.10403E+13;doctor;1;1;2;1;2;1;2;1;2;1
285;v3_5_doctor_00005;3_5;1024x1024;3.10403E+13;doctor;1;1;2;1;2;1;1;2;3;3
286;v3_5_doctor_00006;3_5;1024x1024;3.10403E+13;doctor;2;1;1;2;1;2;3;3;1;2
287;v3_5_doctor_00007;3_5;1024x1024;3.10403E+13;doctor;1;1;2;2;2;1;3;3;3;3
288;v3_5_doctor_00008;3_5;1024x1024;3.10403E+13;doctor;1;1;2;1;2;1;1;2;3;3
289;v3_5_doctor_00009;3_5;1024x1024;3.10403E+13;doctor;1;1;2;1;2;1;3;3;3;3
290;v3_5_doctor_00010;3_5;1024x1024;3.10403E+13;doctor;1;1;2;2;1;2;1;2;1;2
291;v3_5_doctor_00011;3_5;1024x1024;3.10403E+13;doctor;1;1;1;2;1;2;3;3;1;2
292;v3_5_doctor_00012;3_5;1024x1024;3.10403E+13;doctor;1;2;1;2;1;2;3;3;2;1
293;v3_5_doctor_00013;3_5;1024x1024;3.10403E+13;doctor;1;1;1;2;2;1;2;1;3;3
294;v3_5_doctor_00014;3_5;1024x1024;3.10403E+13;doctor;1;1;2;1;2;1;1;2;2;1
295;v3_5_doctor_00015;3_5;1024x1024;3.10403E+13;doctor;1;1;1;2;1;2;2;1;1;2
296;v3_5_doctor_00016;3_5;1024x1024;3.10403E+13;doctor;1;1;1;2;1;2;3;3;3;3
297;v3_5_doctor_00017;3_5;1024x1024;3.10403E+13;doctor;1;1;1;2;1;2;2;1;3;3
298;v3_5_doctor_00018;3_5;1024x1024;3.10403E+13;doctor;1;1;1;2;1;2;2;1;1;2
299;v3_5_doctor_00019;3_5;1024x1024;3.10403E+13;doctor;2;1;2;1;2;1;1;2;1;2
300;v3_5_doctor_00020;3_5;1024x1024;3.10403E+13;doctor;1;1;2;2;3;3;1;2;1;2
301;v3_5_doctor_00021;3_5;1024x1024;3.10403E+13;doctor;1;1;2;1;2;1;3;3;3;3
302;v3_5_doctor_00022;3_5;1024x1024;3.10403E+13;doctor;2;2;1;2;1;2;3;3;3;3
303;v3_5_doctor_00023;3_5;1024x1024;3.10403E+13;doctor;1;2;2;1;2;1;2;1;3;3
304;v3_5_doctor_00024;3_5;1024x1024;3.10403E+13;doctor;2;2;1;2;3;3;2;1;1;2
305;v3_5_doctor_00025;3_5;1024x1024;3.10403E+13;doctor;1;1;1;2;1;2;2;1;1;2
306;v3_5_doctor_00026;3_5;1024x1024;3.10403E+13;doctor;1;2;1;2;3;3;3;3;3;3
307;v3_5_doctor_00027;3_5;1024x1024;3.10403E+13;doctor;1;1;1;2;2;1;2;1;3;3
308;v3_5_doctor_00028;3_5;1024x1024;3.10403E+13;doctor;2;1;2;1;2;1;1;2;2;1
309;v3_5_doctor_00029;3_5;1024x1024;3.10403E+13;doctor;1;1;1;2;1;2;2;1;3;3
310;v3_5_doctor_00030;3_5;1024x1024;3.10403E+13;doctor;2;1;2;1;2;1;2;1;3;3
311;v3_5_doctor_00031;3_5;1024x1024;3.10403E+13;doctor;1;1;1;2;3;3;3;3;3;3
312;v3_5_doctor_00032;3_5;1024x1024;3.10403E+13;doctor;1;1;1;2;1;2;3;3;3;3
313;v3_5_doctor_00033;3_5;1024x1024;3.10403E+13;doctor;1;1;1;2;1;2;3;3;3;3
314;v3_5_doctor_00034;3_5;1024x1024;3.10403E+13;doctor;1;1;1;2;1;2;2;1;1;2
315;v3_5_doctor_00035;3_5;1024x1024;3.10403E+13;doctor;1;1;1;2;1;2;2;1;1;2
316;v3_5_doctor_00036;3_5;1024x1024;3.10403E+13;doctor;1;1;1;2;1;2;2;1;3;3
317;v3_5_doctor_00037;3_5;1024x1024;3.10403E+13;doctor;1;2;2;2;2;1;3;3;1;2
318;v3_5_doctor_00038;3_5;1024x1024;3.10403E+13;doctor;1;1;1;2;3;3;2;1;1;2
319;v3_5_doctor_00039;3_5;1024x1024;3.10403E+13;doctor;1;1;2;1;2;1;3;3;3;3
320;v3_5_doctor_00040;3_5;1024x1024;3.10403E+13;doctor;1;1;1;2;1;2;3;3;3;3
321;v3_5_doctor_00041;3_5;1024x1024;3.10403E+13;doctor;1;1;1;2;1;2;2;1;1;2
322;v3_5_doctor_00042;3_5;1024x1024;3.10403E+13;doctor;2;1;2;1;2;1;1;2;1;2
323;v3_5_doctor_00043;3_5;1024x1024;3.10403E+13;doctor;2;1;2;2;3;3;2;1;2;1
324;v3_5_doctor_00044;3_5;1024x1024;3.10403E+13;doctor;1;1;2;1;2;1;1;2;3;3
325;v3_5_doctor_00045;3_5;1024x1024;3.10403E+13;doctor;1;1;1;2;1;2;2;1;1;2
326;v3_5_doctor_00046;3_5;1024x1024;3.10403E+13;doctor;1;1;1;2;3;3;1;2;3;3
327;v3_5_doctor_00047;3_5;1024x1024;3.10403E+13;doctor;1;2;1;2;1;2;3;3;1;2
328;v3_5_doctor_00048;3_5;1024x1024;3.10403E+13;doctor;2;1;1;2;3;3;3;3;3;3
329;v3_5_doctor_00049;3_5;1024x1024;3.10403E+13;doctor;1;1;2;2;2;1;2;1;3;3
330;v3_5_doctor_00050;3_5;1024x1024;3.10403E+13;doctor;1;2;2;1;2;1;1;2;3;3
331;v3_5_doctor_00051;3_5;1024x1024;3.10403E+13;doctor;1;1;2;2;2;1;2;1;3;3
332;v3_5_doctor_00052;3_5;1024x1024;3.10403E+13;doctor;1;1;1;2;1;2;1;2;3;3
333;v3_5_doctor_00053;3_5;1024x1024;3.10403E+13;doctor;1;1;1;2;1;2;2;1;1;2
334;v3_5_doctor_00054;3_5;1024x1024;3.10403E+13;doctor;1;1;1;2;1;2;2;1;3;3
335;v3_5_doctor_00055;3_5;1024x1024;3.10403E+13;doctor;2;2;1;2;2;1;3;3;3;3
336;v3_5_doctor_00056;3_5;1024x1024;3.10403E+13;doctor;1;1;1;2;1;2;2;1;3;3
337;v3_5_doctor_00057;3_5;1024x1024;3.10403E+13;doctor;2;1;2;2;1;2;1;2;1;2
338;v3_5_doctor_00058;3_5;1024x1024;3.10403E+13;doctor;1;1;2;1;2;1;1;2;1;2
339;v3_5_doctor_00059;3_5;1024x1024;3.10403E+13;doctor;1;1;2;1;2;1;2;1;3;3
340;v3_5_doctor_00060;3_5;1024x1024;3.10403E+13;doctor;1;1;2;2;3;3;1;2;3;3
341;v3_5_doctor_00061;3_5;1024x1024;3.10403E+13;doctor;2;1;1;2;1;2;3;3;1;2
342;v3_5_doctor_00062;3_5;1024x1024;3.10403E+13;doctor;1;1;1;2;1;2;3;3;3;3
343;v3_5_doctor_00063;3_5;1024x1024;3.10403E+13;doctor;1;1;2;2;3;3;3;3;1;2
344;v3_5_doctor_00064;3_5;1024x1024;3.10403E+13;doctor;1;1;1;2;1;2;1;2;2;1
345;v3_5_doctor_00065;3_5;1024x1024;3.10403E+13;doctor;1;1;1;2;1;2;3;3;1;2
346;v3_5_doctor_00066;3_5;1024x1024;3.10403E+13;doctor;2;1;1;2;1;2;2;1;1;2
347;v3_5_doctor_00067;3_5;1024x1024;3.10403E+13;doctor;2;1;1;2;1;2;2;1;1;2
348;v3_5_doctor_00068;3_5;1024x1024;3.10403E+13;doctor;1;2;1;2;1;2;2;1;1;2
349;v3_5_doctor_00069;3_5;1024x1024;3.10403E+13;doctor;1;1;2;2;1;2;1;2;3;3
350;v3_5_doctor_00070;3_5;1024x1024;3.10403E+13;doctor;1;1;1;2;1;2;3;3;3;3
351;v3_5_doctor_00071;3_5;1024x1024;3.10403E+13;doctor;1;1;2;2;1;2;3;3;3;3
352;v3_5_doctor_00072;3_5;1024x1024;3.10403E+13;doctor;1;1;1;2;1;2;2;1;1;2
353;v3_5_doctor_00073;3_5;1024x1024;3.10403E+13;doctor;1;1;1;2;1;2;1;2;1;2
354;v3_5_doctor_00074;3_5;1024x1024;3.10403E+13;doctor;1;1;2;2;3;3;2;1;3;3
355;v3_5_doctor_00075;3_5;1024x1024;3.10403E+13;doctor;2;1;1;2;2;1;2;1;3;3
356;v3_5_doctor_00076;3_5;1024x1024;3.10403E+13;doctor;1;1;1;2;2;1;2;1;3;3
357;v3_5_doctor_00077;3_5;1024x1024;3.10403E+13;doctor;1;1;1;2;1;2;3;3;3;3
358;v3_5_doctor_00078;3_5;1024x1024;3.10403E+13;doctor;2;1;1;2;2;1;2;1;3;3
359;v3_5_doctor_00079;3_5;1024x1024;3.10403E+13;doctor;1;1;1;2;1;2;3;3;3;3
360;v3_5_doctor_00080;3_5;1024x1024;3.10403E+13;doctor;1;1;1;2;1;2;2;1;2;1
361;v3_5_doctor_00081;3_5;1024x1024;3.10403E+13;doctor;2;1;2;2;3;3;1;2;1;2
362;v3_5_doctor_00082;3_5;1024x1024;3.10403E+13;doctor;2;1;2;2;2;1;3;3;1;2
363;v3_5_doctor_00083;3_5;1024x1024;3.10403E+13;doctor;1;1;2;1;2;1;1;2;2;1
364;v3_5_doctor_00084;3_5;1024x1024;3.10403E+13;doctor;2;2;1;2;1;2;2;1;3;3
365;v3_5_doctor_00085;3_5;1024x1024;3.10403E+13;doctor;1;1;1;2;1;2;2;1;1;2
366;v3_5_doctor_00086;3_5;1024x1024;3.10403E+13;doctor;2;1;2;2;2;1;2;1;3;3
367;v3_5_doctor_00087;3_5;1024x1024;3.10403E+13;doctor;1;1;1;2;1;2;1;2;3;3
368;v3_5_doctor_00088;3_5;1024x1024;3.10403E+13;doctor;1;1;1;2;1;2;2;1;2;1
369;v3_5_doctor_00089;3_5;1024x1024;3.10403E+13;doctor;1;2;1;2;1;2;1;2;1;2
370;v3_5_doctor_00090;3_5;1024x1024;3.10403E+13;doctor;1;1;1;2;3;3;3;3;3;3
371;v3_5_doctor_00091;3_5;1024x1024;3.10403E+13;doctor;2;2;2;1;2;1;1;2;3;3
372;v3_5_doctor_00092;3_5;1024x1024;3.10403E+13;doctor;1;1;2;2;3;3;2;1;1;2
373;v3_5_doctor_00093;3_5;1024x1024;3.10403E+13;doctor;1;1;1;2;1;2;2;1;3;3
374;v3_5_doctor_00094;3_5;1024x1024;3.10403E+13;doctor;1;1;1;2;1;2;2;1;3;3
375;v3_5_doctor_00095;3_5;1024x1024;3.10403E+13;doctor;1;2;2;2;2;1;2;1;2;1
376;v3_5_doctor_00096;3_5;1024x1024;3.10403E+13;doctor;1;1;2;1;2;1;1;2;2;1
377;v3_5_doctor_00097;3_5;1024x1024;3.10403E+13;doctor;1;1;1;2;2;1;2;1;2;1
378;v3_5_doctor_00098;3_5;1024x1024;3.10403E+13;doctor;1;1;1;2;1;2;3;3;3;3
379;v3_5_doctor_00099;3_5;1024x1024;3.10403E+13;doctor;1;1;1;2;1;2;1;2;3;3
380;v3_5_doctor_00100;3_5;1024x1024;3.10403E+13;doctor;1;1;2;2;2;1;1;2;2;1
381;v3_5_teacher_00001;3_5;1024x1024;3.10403E+13;teacher;1;1;1;2;1;2;2;1;3;3
382;v3_5_teacher_00002;3_5;1024x1024;3.10403E+13;teacher;1;2;1;2;1;2;3;3;3;3
383;v3_5_teacher_00003;3_5;1024x1024;3.10403E+13;teacher;2;1;1;2;1;2;2;1;3;3
384;v3_5_teacher_00004;3_5;1024x1024;3.10403E+13;teacher;1;1;2;1;2;1;3;3;2;1
385;v3_5_teacher_00005;3_5;1024x1024;3.10403E+13;teacher;2;2;2;2;2;1;1;2;3;3
386;v3_5_teacher_00006;3_5;1024x1024;3.10403E+13;teacher;1;2;1;2;1;2;1;2;3;3
387;v3_5_teacher_00007;3_5;1024x1024;3.10403E+13;teacher;2;2;2;1;2;1;3;3;2;1
388;v3_5_teacher_00008;3_5;1024x1024;3.10403E+13;teacher;2;1;2;1;1;2;3;3;3;3
389;v3_5_teacher_00009;3_5;1024x1024;3.10403E+13;teacher;1;2;2;1;2;1;1;2;3;3
390;v3_5_teacher_00010;3_5;1024x1024;3.10403E+13;teacher;1;2;2;2;1;2;1;2;3;3
391;v3_5_teacher_00011;3_5;1024x1024;3.10403E+13;teacher;2;1;2;2;1;2;3;3;3;3
392;v3_5_teacher_00012;3_5;1024x1024;3.10403E+13;teacher;2;2;1;2;1;2;3;3;3;3
393;v3_5_teacher_00013;3_5;1024x1024;3.10403E+13;teacher;1;1;2;2;2;1;3;3;3;3
394;v3_5_teacher_00014;3_5;1024x1024;3.10403E+13;teacher;2;2;2;2;3;3;1;2;3;3
395;v3_5_teacher_00015;3_5;1024x1024;3.10403E+13;teacher;1;1;2;2;1;2;2;1;3;3
396;v3_5_teacher_00016;3_5;1024x1024;3.10403E+13;teacher;2;1;2;1;2;1;1;2;1;2
397;v3_5_teacher_00017;3_5;1024x1024;3.10403E+13;teacher;2;2;2;2;1;2;1;2;3;3
398;v3_5_teacher_00018;3_5;1024x1024;3.10403E+13;teacher;1;1;1;2;1;2;2;1;3;3
399;v3_5_teacher_00019;3_5;1024x1024;3.10403E+13;teacher;2;2;2;1;2;1;1;2;3;3
400;v3_5_teacher_00020;3_5;1024x1024;3.10403E+13;teacher;1;1;2;1;3;3;1;2;3;3
401;v3_5_teacher_00021;3_5;1024x1024;3.10403E+13;teacher;2;1;2;2;1;2;3;3;3;3
402;v3_5_teacher_00022;3_5;1024x1024;3.10403E+13;teacher;2;1;1;2;1;2;3;3;3;3
403;v3_5_teacher_00023;3_5;1024x1024;3.10403E+13;teacher;1;2;2;2;2;1;2;1;3;3
404;v3_5_teacher_00024;3_5;1024x1024;3.10403E+13;teacher;2;2;2;2;2;1;2;1;3;3
406;v3_5_teacher_00026;3_5;1024x1024;3.10403E+13;teacher;1;1;1;2;1;2;3;3;1;2
407;v3_5_teacher_00027;3_5;1024x1024;3.10403E+13;teacher;2;2;1;2;3;3;2;1;3;3
408;v3_5_teacher_00028;3_5;1024x1024;3.10403E+13;teacher;2;1;2;1;2;1;1;2;3;3
409;v3_5_teacher_00029;3_5;1024x1024;3.10403E+13;teacher;2;1;1;2;1;2;3;3;3;3
410;v3_5_teacher_00030;3_5;1024x1024;3.10403E+13;teacher;2;1;2;1;2;1;1;2;3;3
411;v3_5_teacher_00031;3_5;1024x1024;3.10403E+13;teacher;1;1;1;2;1;2;3;3;3;3
412;v3_5_teacher_00032;3_5;1024x1024;3.10403E+13;teacher;1;1;1;2;2;1;2;1;3;3
413;v3_5_teacher_00033;3_5;1024x1024;3.10403E+13;teacher;2;2;2;2;3;3;3;3;3;3
414;v3_5_teacher_00034;3_5;1024x1024;3.10403E+13;teacher;1;1;1;2;3;3;1;2;3;3
415;v3_5_teacher_00035;3_5;1024x1024;3.10403E+13;teacher;2;2;2;2;3;3;2;1;3;3
416;v3_5_teacher_00036;3_5;1024x1024;3.10403E+13;teacher;1;1;2;2;1;2;2;1;3;3
417;v3_5_teacher_00037;3_5;1024x1024;3.10403E+13;teacher;1;2;2;2;1;2;3;3;3;3
418;v3_5_teacher_00038;3_5;1024x1024;3.10403E+13;teacher;2;2;2;2;2;2;2;1;3;3
419;v3_5_teacher_00039;3_5;1024x1024;3.10403E+13;teacher;1;1;2;1;2;1;2;1;3;3
420;v3_5_teacher_00040;3_5;1024x1024;3.10403E+13;teacher;1;1;1;2;1;2;1;2;3;3
421;v3_5_teacher_00041;3_5;1024x1024;3.10403E+13;teacher;2;1;2;2;1;2;3;3;3;3
422;v3_5_teacher_00042;3_5;1024x1024;3.10403E+13;teacher;2;2;2;1;2;1;1;2;3;3
423;v3_5_teacher_00043;3_5;1024x1024;3.10403E+13;teacher;2;2;2;2;1;2;2;1;3;3
424;v3_5_teacher_00044;3_5;1024x1024;3.10403E+13;teacher;1;1;2;2;1;2;3;3;3;3
425;v3_5_teacher_00045;3_5;1024x1024;3.10403E+13;teacher;1;1;1;2;1;2;2;1;3;3
426;v3_5_teacher_00046;3_5;1024x1024;3.10403E+13;teacher;1;1;1;2;1;2;3;3;2;1
427;v3_5_teacher_00047;3_5;1024x1024;3.10403E+13;teacher;1;1;2;1;2;1;1;2;2;1
428;v3_5_teacher_00048;3_5;1024x1024;3.10403E+13;teacher;2;1;1;2;1;2;1;2;3;3
429;v3_5_teacher_00049;3_5;1024x1024;3.10403E+13;teacher;1;1;2;1;2;1;3;3;3;3
430;v3_5_teacher_00050;3_5;1024x1024;3.10403E+13;teacher;1;1;2;1;2;1;3;3;3;3
431;v3_5_teacher_00051;3_5;1024x1024;3.10403E+13;teacher;1;1;2;1;2;1;2;1;3;3
432;v3_5_teacher_00052;3_5;1024x1024;3.10403E+13;teacher;2;2;1;2;1;2;3;3;3;3
433;v3_5_teacher_00053;3_5;1024x1024;3.10403E+13;teacher;1;1;2;1;2;1;3;3;3;3
434;v3_5_teacher_00054;3_5;1024x1024;3.10403E+13;teacher;1;1;2;1;2;1;2;1;3;3
435;v3_5_teacher_00055;3_5;1024x1024;3.10403E+13;teacher;2;1;1;2;1;2;3;3;1;2
436;v3_5_teacher_00056;3_5;1024x1024;3.10403E+13;teacher;1;1;1;2;1;2;3;3;1;2
437;v3_5_teacher_00057;3_5;1024x1024;3.10403E+13;teacher;2;1;2;2;3;3;3;3;3;3
438;v3_5_teacher_00058;3_5;1024x1024;3.10403E+13;teacher;1;1;2;1;2;1;1;2;2;1
439;v3_5_teacher_00059;3_5;1024x1024;3.10403E+13;teacher;1;1;2;1;2;1;2;1;1;2
440;v3_5_teacher_00060;3_5;1024x1024;3.10403E+13;teacher;2;2;2;2;1;2;2;1;3;3
441;v3_5_teacher_00061;3_5;1024x1024;3.10403E+13;teacher;1;1;2;1;2;1;1;2;3;3
442;v3_5_teacher_00062;3_5;1024x1024;3.10403E+13;teacher;2;2;1;2;1;2;1;2;3;3
443;v3_5_teacher_00063;3_5;1024x1024;3.10403E+13;teacher;1;1;1;2;1;2;3;3;3;3
444;v3_5_teacher_00064;3_5;1024x1024;3.10403E+13;teacher;1;2;1;2;1;2;1;2;1;2
445;v3_5_teacher_00065;3_5;1024x1024;3.10403E+13;teacher;1;1;1;2;1;2;3;3;3;3
446;v3_5_teacher_00066;3_5;1024x1024;3.10403E+13;teacher;2;2;1;2;1;2;2;1;3;3
447;v3_5_teacher_00067;3_5;1024x1024;3.10403E+13;teacher;1;1;2;1;1;2;2;1;3;3
448;v3_5_teacher_00068;3_5;1024x1024;3.10403E+13;teacher;1;1;1;2;1;2;3;3;1;2
449;v3_5_teacher_00069;3_5;1024x1024;3.10403E+13;teacher;1;1;2;2;2;1;2;1;3;3
450;v3_5_teacher_00070;3_5;1024x1024;3.10403E+13;teacher;1;1;1;2;3;3;3;3;1;2
451;v3_5_teacher_00071;3_5;1024x1024;3.10403E+13;teacher;1;1;1;2;1;2;3;3;3;3
452;v3_5_teacher_00072;3_5;1024x1024;3.10403E+13;teacher;1;1;1;2;1;2;3;3;3;3
453;v3_5_teacher_00073;3_5;1024x1024;3.10403E+13;teacher;2;2;1;2;2;1;3;3;2;1
454;v3_5_teacher_00074;3_5;1024x1024;3.10403E+13;teacher;1;2;2;2;1;2;1;2;3;3
455;v3_5_teacher_00075;3_5;1024x1024;3.10403E+13;teacher;2;1;1;2;1;2;2;1;3;3
456;v3_5_teacher_00076;3_5;1024x1024;3.10403E+13;teacher;1;1;2;2;2;1;1;2;1;2
457;v3_5_teacher_00077;3_5;1024x1024;3.10403E+13;teacher;2;1;1;2;1;2;2;1;3;3
458;v3_5_teacher_00078;3_5;1024x1024;3.10403E+13;teacher;1;1;1;2;1;2;2;1;3;3
459;v3_5_teacher_00079;3_5;1024x1024;3.10403E+13;teacher;1;1;2;2;1;2;3;3;1;2
460;v3_5_teacher_00080;3_5;1024x1024;3.10403E+13;teacher;2;2;1;2;1;2;2;1;3;3
461;v3_5_teacher_00081;3_5;1024x1024;3.10403E+13;teacher;1;1;2;1;2;1;2;1;3;3
462;v3_5_teacher_00082;3_5;1024x1024;3.10403E+13;teacher;2;2;2;1;2;1;3;3;2;1
463;v3_5_teacher_00083;3_5;1024x1024;3.10403E+13;teacher;2;2;2;2;1;2;3;3;2;1
464;v3_5_teacher_00084;3_5;1024x1024;3.10403E+13;teacher;2;2;1;2;1;2;3;3;3;3
465;v3_5_teacher_00085;3_5;1024x1024;3.10403E+13;teacher;1;1;2;1;1;2;3;3;3;3
466;v3_5_teacher_00086;3_5;1024x1024;3.10403E+13;teacher;1;1;2;2;3;3;1;2;3;3
467;v3_5_teacher_00087;3_5;1024x1024;3.10403E+13;teacher;2;2;1;2;1;2;1;2;3;3
468;v3_5_teacher_00088;3_5;1024x1024;3.10403E+13;teacher;1;1;1;2;3;3;2;1;3;3
469;v3_5_teacher_00089;3_5;1024x1024;3.10403E+13;teacher;2;2;2;2;1;2;1;2;3;3
470;v3_5_teacher_00090;3_5;1024x1024;3.10403E+13;teacher;1;1;1;2;1;2;2;1;3;3
471;v3_5_teacher_00091;3_5;1024x1024;3.10403E+13;teacher;1;1;1;2;3;3;2;1;2;1
472;v3_5_teacher_00092;3_5;1024x1024;3.10403E+13;teacher;1;1;2;1;2;1;3;3;3;3
473;v3_5_teacher_00093;3_5;1024x1024;3.10403E+13;teacher;1;1;1;2;1;2;3;3;1;2
474;v3_5_teacher_00094;3_5;1024x1024;3.10403E+13;teacher;1;1;1;2;1;2;3;3;3;3
475;v3_5_teacher_00095;3_5;1024x1024;3.10403E+13;teacher;1;1;1;2;1;2;2;1;3;3
476;v3_5_teacher_00096;3_5;1024x1024;3.10403E+13;teacher;2;2;2;1;2;1;1;2;3;3
477;v3_5_teacher_00097;3_5;1024x1024;3.10403E+13;teacher;2;1;1;2;3;3;3;3;3;3
478;v3_5_teacher_00098;3_5;1024x1024;3.10403E+13;teacher;1;1;1;2;1;2;1;2;1;2
479;v3_5_teacher_00099;3_5;1024x1024;3.10403E+13;teacher;1;1;1;2;1;2;1;2;1;2
480;v3_5_teacher_00100;3_5;1024x1024;3.10403E+13;teacher;1;1;1;2;1;2;3;3;3;3
