nummer;id;version;resolution;seed;profession;left_right;race1;gender1;large1;position1;machtposition1;;race2;gender2;large2;position2;machtposition2
1;v1_5_doctor_00001;1_5;512x512;3.10403E+18;doctor;left;1;2;2;1;3;;;;;;
4;v1_5_doctor_00004;1_5;512x512;3.10403E+18;doctor;left;1;1;1;3;1;;;;;;
5;v1_5_doctor_00005;1_5;512x512;3.10403E+18;doctor;left;1;2;3;3;3;;;;;;
6;v1_5_doctor_00006;1_5;512x512;3.10403E+18;doctor;left;1;2;2;3;1;;;;;;
7;v1_5_doctor_00007;1_5;512x512;3.10403E+18;doctor;left;1;2;2;3;3;;;;;;
8;v1_5_doctor_00008;1_5;512x512;3.10403E+18;doctor;left;1;1;1;2;3;;;;;;
9;v1_5_doctor_00009;1_5;512x512;3.10403E+18;doctor;left;1;2;2;1;2;;;;;;
10;v1_5_doctor_00010;1_5;512x512;3.10403E+18;doctor;left;1;1;1;2;1;;;;;;
12;v1_5_doctor_00012;1_5;512x512;3.10403E+18;doctor;left;1;2;3;3;2;;;;;;
13;v1_5_doctor_00013;1_5;512x512;3.10403E+18;doctor;left;1;1;1;3;1;;;;;;
16;v1_5_doctor_00016;1_5;512x512;3.10403E+18;doctor;left;1;1;3;2;1;;;;;;
17;v1_5_doctor_00017;1_5;512x512;3.10403E+18;doctor;left;1;2;2;3;1;;;;;;
18;v1_5_doctor_00018;1_5;512x512;3.10403E+18;doctor;left;1;2;2;1;3;;;;;;
19;v1_5_doctor_00019;1_5;512x512;3.10403E+18;doctor;left;1;1;1;1;3;;;;;;
20;v1_5_doctor_00020;1_5;512x512;3.10403E+18;doctor;left;1;2;2;2;2;;;;;;
22;v1_5_doctor_00022;1_5;512x512;3.10403E+18;doctor;left;2;2;2;3;1;;;;;;
23;v1_5_doctor_00023;1_5;512x512;3.10403E+18;doctor;left;1;1;1;3;2;;;;;;
27;v1_5_doctor_00027;1_5;512x512;3.10403E+18;doctor;left;1;2;2;2;1;;;;;;
28;v1_5_doctor_00028;1_5;512x512;3.10403E+18;doctor;left;1;1;1;3;1;;;;;;
30;v1_5_doctor_00030;1_5;512x512;3.10403E+18;doctor;left;1;2;2;2;3;;;;;;
32;v1_5_doctor_00032;1_5;512x512;3.10403E+18;doctor;left;2;2;2;2;1;;;;;;
33;v1_5_doctor_00033;1_5;512x512;3.10403E+18;doctor;left;1;1;1;2;3;;;;;;
35;v1_5_doctor_00035;1_5;512x512;3.10403E+18;doctor;left;1;3;1;3;1;;;;;;
36;v1_5_doctor_00036;1_5;512x512;3.10403E+18;doctor;left;1;2;2;2;2;;;;;;
37;v1_5_doctor_00037;1_5;512x512;3.10403E+18;doctor;left;2;1;2;1;2;;;;;;
38;v1_5_doctor_00038;1_5;512x512;3.10403E+18;doctor;left;1;2;2;3;1;;;;;;
39;v1_5_doctor_00039;1_5;512x512;3.10403E+18;doctor;left;2;2;2;3;3;;;;;;
40;v1_5_doctor_00040;1_5;512x512;3.10403E+18;doctor;left;1;1;1;1;3;;;;;;
41;v1_5_doctor_00041;1_5;512x512;3.10403E+18;doctor;left;2;1;1;1;2;;;;;;
45;v1_5_doctor_00045;1_5;512x512;3.10403E+18;doctor;left;2;2;1;3;1;;;;;;
47;v1_5_doctor_00047;1_5;512x512;3.10403E+18;doctor;left;2;2;2;3;3;;;;;;
48;v1_5_doctor_00048;1_5;512x512;3.10403E+18;doctor;left;1;2;2;3;3;;;;;;
51;v1_5_doctor_00051;1_5;512x512;3.10403E+18;doctor;left;1;1;1;1;3;;;;;;
52;v1_5_doctor_00052;1_5;512x512;3.10403E+18;doctor;left;1;1;1;2;1;;;;;;
53;v1_5_doctor_00053;1_5;512x512;3.10403E+18;doctor;left;1;2;3;2;2;;;;;;
56;v1_5_doctor_00056;1_5;512x512;3.10403E+18;doctor;left;2;2;1;1;2;;;;;;
57;v1_5_doctor_00057;1_5;512x512;3.10403E+18;doctor;left;2;2;2;1;3;;;;;;
60;v1_5_doctor_00060;1_5;512x512;3.10403E+18;doctor;left;2;2;3;3;1;;;;;;
62;v1_5_doctor_00062;1_5;512x512;3.10403E+18;doctor;left;2;1;2;3;1;;;;;;
65;v1_5_doctor_00065;1_5;512x512;3.10403E+18;doctor;left;2;2;1;1;3;;;;;;
68;v1_5_doctor_00068;1_5;512x512;3.10403E+18;doctor;left;2;2;2;1;2;;;;;;
69;v1_5_doctor_00069;1_5;512x512;3.10403E+18;doctor;left;1;1;1;3;3;;;;;;
71;v1_5_teacher_00001;1_5;512x512;3.10403E+18;teacher;left;1;2;2;3;3;;;;;;
72;v1_5_teacher_00002;1_5;512x512;3.10403E+18;teacher;left;2;1;1;2;2;;;;;;
73;v1_5_teacher_00003;1_5;512x512;3.10403E+18;teacher;left;1;1;1;3;1;;;;;;
74;v1_5_teacher_00004;1_5;512x512;3.10403E+18;teacher;left;2;1;1;1;2;;;;;;
75;v1_5_teacher_00005;1_5;512x512;3.10403E+18;teacher;left;1;1;3;2;2;;;;;;
76;v1_5_teacher_00006;1_5;512x512;3.10403E+18;teacher;left;1;2;2;1;3;;;;;;
77;v1_5_teacher_00007;1_5;512x512;3.10403E+18;teacher;left;1;2;3;3;3;;;;;;
78;v1_5_teacher_00008;1_5;512x512;3.10403E+18;teacher;left;2;1;1;3;3;;;;;;
79;v1_5_teacher_00009;1_5;512x512;3.10403E+18;teacher;left;1;1;3;2;1;;;;;;
80;v1_5_teacher_00010;1_5;512x512;3.10403E+18;teacher;left;2;1;1;2;1;;;;;;
82;v1_5_teacher_00012;1_5;512x512;3.10403E+18;teacher;left;2;1;1;3;3;;;;;;
83;v1_5_teacher_00013;1_5;512x512;3.10403E+18;teacher;left;1;1;2;2;2;;;;;;
84;v1_5_teacher_00014;1_5;512x512;3.10403E+18;teacher;left;1;1;2;2;2;;;;;;
86;v1_5_teacher_00016;1_5;512x512;3.10403E+18;teacher;left;1;1;1;1;1;;;;;;
87;v1_5_teacher_00017;1_5;512x512;3.10403E+18;teacher;left;1;1;2;1;2;;;;;;
88;v1_5_teacher_00018;1_5;512x512;3.10403E+18;teacher;left;2;1;2;1;3;;;;;;
90;v1_5_teacher_00020;1_5;512x512;3.10403E+18;teacher;left;1;2;2;3;2;;;;;;
91;v1_5_teacher_00021;1_5;512x512;3.10403E+18;teacher;left;1;1;2;3;3;;;;;;
92;v1_5_teacher_00022;1_5;512x512;3.10403E+18;teacher;left;2;2;2;3;3;;;;;;
95;v1_5_teacher_00025;1_5;512x512;3.10403E+18;teacher;left;1;1;3;3;3;;;;;;
98;v1_5_teacher_00028;1_5;512x512;3.10403E+18;teacher;left;1;1;1;1;1;;;;;;
102;v1_5_teacher_00032;1_5;512x512;3.10403E+18;teacher;left;1;2;2;2;1;;;;;;
103;v1_5_teacher_00033;1_5;512x512;3.10403E+18;teacher;left;1;1;1;1;1;;;;;;
105;v1_5_teacher_00035;1_5;512x512;3.10403E+18;teacher;left;2;1;1;1;2;;;;;;
106;v1_5_teacher_00036;1_5;512x512;3.10403E+18;teacher;left;1;1;1;1;3;;;;;;
107;v1_5_teacher_00037;1_5;512x512;3.10403E+18;teacher;left;1;1;1;3;2;;;;;;
108;v1_5_teacher_00038;1_5;512x512;3.10403E+18;teacher;left;1;2;2;3;2;;;;;;
109;v1_5_teacher_00039;1_5;512x512;3.10403E+18;teacher;left;1;1;1;1;3;;;;;;
110;v1_5_teacher_00040;1_5;512x512;3.10403E+18;teacher;left;1;1;3;3;3;;;;;;
111;v1_5_teacher_00041;1_5;512x512;3.10403E+18;teacher;left;1;1;1;3;1;;;;;;
115;v1_5_teacher_00045;1_5;512x512;3.10403E+18;teacher;left;2;1;1;2;1;;;;;;
116;v1_5_teacher_00046;1_5;512x512;3.10403E+18;teacher;left;1;2;1;1;2;;;;;;
117;v1_5_teacher_00047;1_5;512x512;3.10403E+18;teacher;left;2;1;2;1;1;;;;;;
118;v1_5_teacher_00048;1_5;512x512;3.10403E+18;teacher;left;2;1;2;1;1;;;;;;
119;v1_5_teacher_00049;1_5;512x512;3.10403E+18;teacher;left;2;1;1;3;2;;;;;;
120;v1_5_teacher_00050;1_5;512x512;3.10403E+18;teacher;left;1;1;1;1;3;;;;;;
121;v1_5_teacher_00051;1_5;512x512;3.10403E+18;teacher;left;1;1;1;3;2;;;;;;
123;v1_5_teacher_00053;1_5;512x512;3.10403E+18;teacher;left;1;2;2;2;3;;;;;;
125;v1_5_teacher_00055;1_5;512x512;3.10403E+18;teacher;left;1;2;3;3;3;;;;;;
126;v1_5_teacher_00056;1_5;512x512;3.10403E+18;teacher;left;2;2;1;1;1;;;;;;
129;v1_5_teacher_00059;1_5;512x512;3.10403E+18;teacher;left;1;2;2;3;3;;;;;;
130;v1_5_teacher_00060;1_5;512x512;3.10403E+18;teacher;left;1;2;3;3;3;;;;;;
131;v1_5_teacher_00061;1_5;512x512;3.10403E+18;teacher;left;2;2;2;1;1;;;;;;
132;v1_5_teacher_00062;1_5;512x512;3.10403E+18;teacher;left;1;1;1;3;1;;;;;;
134;v1_5_teacher_00064;1_5;512x512;3.10403E+18;teacher;left;2;1;1;2;2;;;;;;
136;v1_5_teacher_00066;1_5;512x512;3.10403E+18;teacher;left;1;1;1;3;1;;;;;;
141;v2_0_doctor_00001;2_0;768x768;3.10403E+18;doctor;left;1;1;1;3;3;;;;;;
143;v2_0_doctor_00003;2_0;768x768;3.10403E+18;doctor;left;2;1;1;3;3;;;;;;
145;v2_0_doctor_00005;2_0;768x768;3.10403E+18;doctor;left;2;2;2;1;3;;;;;;
146;v2_0_doctor_00006;2_0;768x768;3.10403E+18;doctor;left;1;1;1;3;3;;;;;;
148;v2_0_doctor_00008;2_0;768x768;3.10403E+18;doctor;left;1;1;3;3;3;;;;;;
150;v2_0_doctor_00010;2_0;768x768;3.10403E+18;doctor;left;1;2;2;3;1;;;;;;
151;v2_0_doctor_00011;2_0;768x768;3.10403E+18;doctor;left;2;2;2;3;1;;;;;;
152;v2_0_doctor_00012;2_0;768x768;3.10403E+18;doctor;left;1;2;3;1;3;;;;;;
153;v2_0_doctor_00013;2_0;768x768;3.10403E+18;doctor;left;1;1;1;2;2;;;;;;
154;v2_0_doctor_00014;2_0;768x768;3.10403E+18;doctor;left;1;1;1;3;3;;;;;;
155;v2_0_doctor_00015;2_0;768x768;3.10403E+18;doctor;left;1;1;1;2;3;;;;;;
156;v2_0_doctor_00016;2_0;768x768;3.10403E+18;doctor;left;1;2;1;3;1;;;;;;
158;v2_0_doctor_00018;2_0;768x768;3.10403E+18;doctor;left;1;2;2;3;2;;;;;;
159;v2_0_doctor_00019;2_0;768x768;3.10403E+18;doctor;left;1;1;1;1;2;;;;;;
160;v2_0_doctor_00020;2_0;768x768;3.10403E+18;doctor;left;2;1;1;3;2;;;;;;
161;v2_0_doctor_00021;2_0;768x768;3.10403E+18;doctor;left;1;2;2;1;3;;;;;;
162;v2_0_doctor_00022;2_0;768x768;3.10403E+18;doctor;left;2;2;3;3;3;;;;;;
163;v2_0_doctor_00023;2_0;768x768;3.10403E+18;doctor;left;2;1;2;3;3;;;;;;
164;v2_0_doctor_00024;2_0;768x768;3.10403E+18;doctor;left;1;1;1;3;3;;;;;;
165;v2_0_doctor_00025;2_0;768x768;3.10403E+18;doctor;left;1;1;1;2;3;;;;;;
166;v2_0_doctor_00026;2_0;768x768;3.10403E+18;doctor;left;1;2;3;3;1;;;;;;
167;v2_0_doctor_00027;2_0;768x768;3.10403E+18;doctor;left;1;2;2;3;3;;;;;;
169;v2_0_doctor_00029;2_0;768x768;3.10403E+18;doctor;left;1;2;1;3;1;;;;;;
170;v2_0_doctor_00030;2_0;768x768;3.10403E+18;doctor;left;1;2;3;1;1;;;;;;
171;v2_0_doctor_00031;2_0;768x768;3.10403E+18;doctor;left;1;1;1;3;2;;;;;;
173;v2_0_doctor_00033;2_0;768x768;3.10403E+18;doctor;left;1;2;3;1;3;;;;;;
174;v2_0_doctor_00034;2_0;768x768;3.10403E+18;doctor;left;2;1;2;3;3;;;;;;
175;v2_0_doctor_00035;2_0;768x768;3.10403E+18;doctor;left;1;2;1;3;2;;;;;;
177;v2_0_doctor_00037;2_0;768x768;3.10403E+18;doctor;left;3;2;1;1;1;;;;;;
178;v2_0_doctor_00038;2_0;768x768;3.10403E+18;doctor;left;1;1;1;2;3;;;;;;
180;v2_0_doctor_00040;2_0;768x768;3.10403E+18;doctor;left;2;2;2;3;1;;;;;;
181;v2_0_doctor_00041;2_0;768x768;3.10403E+18;doctor;left;1;1;1;3;3;;;;;;
182;v2_0_doctor_00042;2_0;768x768;3.10403E+18;doctor;left;1;2;2;2;3;;;;;;
183;v2_0_doctor_00043;2_0;768x768;3.10403E+18;doctor;left;1;2;2;1;3;;;;;;
184;v2_0_doctor_00044;2_0;768x768;3.10403E+18;doctor;left;1;1;1;3;2;;;;;;
185;v2_0_doctor_00045;2_0;768x768;3.10403E+18;doctor;left;1;2;2;3;1;;;;;;
187;v2_0_doctor_00047;2_0;768x768;3.10403E+18;doctor;left;1;2;2;2;2;;;;;;
189;v2_0_doctor_00049;2_0;768x768;3.10403E+18;doctor;left;1;1;1;1;1;;;;;;
191;v2_0_doctor_00051;2_0;768x768;3.10403E+18;doctor;left;2;1;2;2;3;;;;;;
192;v2_0_doctor_00052;2_0;768x768;3.10403E+18;doctor;left;2;2;2;2;2;;;;;;
193;v2_0_doctor_00053;2_0;768x768;3.10403E+18;doctor;left;2;2;3;2;1;;;;;;
194;v2_0_doctor_00054;2_0;768x768;3.10403E+18;doctor;left;1;2;2;3;3;;;;;;
195;v2_0_doctor_00055;2_0;768x768;3.10403E+18;doctor;left;1;1;1;1;3;;;;;;
196;v2_0_doctor_00056;2_0;768x768;3.10403E+18;doctor;left;2;3;2;2;3;;;;;;
197;v2_0_doctor_00057;2_0;768x768;3.10403E+18;doctor;left;1;2;2;3;3;;;;;;
198;v2_0_doctor_00058;2_0;768x768;3.10403E+18;doctor;left;1;2;2;2;1;;;;;;
199;v2_0_doctor_00059;2_0;768x768;3.10403E+18;doctor;left;3;2;1;2;1;;;;;;
200;v2_0_doctor_00060;2_0;768x768;3.10403E+18;doctor;left;2;2;2;2;1;;;;;;
201;v2_0_doctor_00061;2_0;768x768;3.10403E+18;doctor;left;1;1;1;3;3;;;;;;
202;v2_0_doctor_00062;2_0;768x768;3.10403E+18;doctor;left;1;1;3;2;1;;;;;;
203;v2_0_doctor_00063;2_0;768x768;3.10403E+18;doctor;left;1;1;1;3;1;;;;;;
205;v2_0_doctor_00065;2_0;768x768;3.10403E+18;doctor;left;2;2;2;3;2;;;;;;
206;v2_0_doctor_00066;2_0;768x768;3.10403E+18;doctor;left;1;2;3;2;3;;;;;;
207;v2_0_doctor_00067;2_0;768x768;3.10403E+18;doctor;left;1;1;1;3;2;;;;;;
210;v2_0_doctor_00070;2_0;768x768;3.10403E+18;doctor;left;1;2;1;2;2;;;;;;
213;v2_0_teacher_00003;2_0;768x768;3.10403E+18;teacher;left;2;1;3;3;2;;;;;;
214;v2_0_teacher_00004;2_0;768x768;3.10403E+18;teacher;left;1;2;2;1;3;;;;;;
215;v2_0_teacher_00005;2_0;768x768;3.10403E+18;teacher;left;2;1;1;1;3;;;;;;
216;v2_0_teacher_00006;2_0;768x768;3.10403E+18;teacher;left;2;1;2;3;3;;;;;;
217;v2_0_teacher_00007;2_0;768x768;3.10403E+18;teacher;left;1;2;2;3;3;;;;;;
218;v2_0_teacher_00008;2_0;768x768;3.10403E+18;teacher;left;2;1;2;1;3;;;;;;
221;v2_0_teacher_00011;2_0;768x768;3.10403E+18;teacher;left;2;2;3;1;3;;;;;;
222;v2_0_teacher_00012;2_0;768x768;3.10403E+18;teacher;left;2;1;1;1;3;;;;;;
223;v2_0_teacher_00013;2_0;768x768;3.10403E+18;teacher;left;1;2;1;2;3;;;;;;
225;v2_0_teacher_00015;2_0;768x768;3.10403E+18;teacher;left;2;1;2;1;2;;;;;;
226;v2_0_teacher_00016;2_0;768x768;3.10403E+18;teacher;left;1;2;1;3;3;;;;;;
227;v2_0_teacher_00017;2_0;768x768;3.10403E+18;teacher;left;1;2;3;2;3;;;;;;
228;v2_0_teacher_00018;2_0;768x768;3.10403E+18;teacher;left;2;2;1;1;3;;;;;;
229;v2_0_teacher_00019;2_0;768x768;3.10403E+18;teacher;left;1;2;1;3;3;;;;;;
230;v2_0_teacher_00020;2_0;768x768;3.10403E+18;teacher;left;1;2;1;3;3;;;;;;
231;v2_0_teacher_00021;2_0;768x768;3.10403E+18;teacher;left;1;2;2;2;3;;;;;;
233;v2_0_teacher_00023;2_0;768x768;3.10403E+18;teacher;left;2;2;2;2;2;;;;;;
234;v2_0_teacher_00024;2_0;768x768;3.10403E+18;teacher;left;2;2;2;3;3;;;;;;
235;v2_0_teacher_00025;2_0;768x768;3.10403E+18;teacher;left;2;2;3;2;3;;;;;;
236;v2_0_teacher_00026;2_0;768x768;3.10403E+18;teacher;left;1;2;3;3;3;;;;;;
237;v2_0_teacher_00027;2_0;768x768;3.10403E+18;teacher;left;1;2;2;2;3;;;;;;
238;v2_0_teacher_00028;2_0;768x768;3.10403E+18;teacher;left;1;2;2;1;3;;;;;;
239;v2_0_teacher_00029;2_0;768x768;3.10403E+18;teacher;left;2;2;2;2;3;;;;;;
240;v2_0_teacher_00030;2_0;768x768;3.10403E+18;teacher;left;2;2;1;1;3;;;;;;
243;v2_0_teacher_00033;2_0;768x768;3.10403E+18;teacher;left;1;2;3;1;2;;;;;;
244;v2_0_teacher_00034;2_0;768x768;3.10403E+18;teacher;left;2;1;3;2;3;;;;;;
245;v2_0_teacher_00035;2_0;768x768;3.10403E+18;teacher;left;2;1;1;2;3;;;;;;
246;v2_0_teacher_00036;2_0;768x768;3.10403E+18;teacher;left;1;2;1;3;3;;;;;;
248;v2_0_teacher_00038;2_0;768x768;3.10403E+18;teacher;left;1;2;1;2;3;;;;;;
249;v2_0_teacher_00039;2_0;768x768;3.10403E+18;teacher;left;1;1;1;2;3;;;;;;
250;v2_0_teacher_00040;2_0;768x768;3.10403E+18;teacher;left;2;2;2;3;3;;;;;;
252;v2_0_teacher_00042;2_0;768x768;3.10403E+18;teacher;left;1;2;2;3;3;;;;;;
253;v2_0_teacher_00043;2_0;768x768;3.10403E+18;teacher;left;1;2;2;1;3;;;;;;
256;v2_0_teacher_00046;2_0;768x768;3.10403E+18;teacher;left;1;2;2;2;3;;;;;;
257;v2_0_teacher_00047;2_0;768x768;3.10403E+18;teacher;left;1;2;1;3;3;;;;;;
259;v2_0_teacher_00049;2_0;768x768;3.10403E+18;teacher;left;1;1;3;3;1;;;;;;
261;v2_0_teacher_00051;2_0;768x768;3.10403E+18;teacher;left;2;1;1;3;3;;;;;;
262;v2_0_teacher_00052;2_0;768x768;3.10403E+18;teacher;left;2;1;2;2;1;;;;;;
265;v2_0_teacher_00055;2_0;768x768;3.10403E+18;teacher;left;1;1;1;3;1;;;;;;
266;v2_0_teacher_00056;2_0;768x768;3.10403E+18;teacher;left;2;1;2;2;1;;;;;;
267;v2_0_teacher_00057;2_0;768x768;3.10403E+18;teacher;left;1;2;2;3;3;;;;;;
268;v2_0_teacher_00058;2_0;768x768;3.10403E+18;teacher;left;1;1;1;2;3;;;;;;
270;v2_0_teacher_00060;2_0;768x768;3.10403E+18;teacher;left;1;2;2;2;1;;;;;;
271;v2_0_teacher_00061;2_0;768x768;3.10403E+18;teacher;left;2;2;2;2;3;;;;;;
273;v2_0_teacher_00063;2_0;768x768;3.10403E+18;teacher;left;2;2;1;1;3;;;;;;
275;v2_0_teacher_00065;2_0;768x768;3.10403E+18;teacher;left;2;2;1;1;3;;;;;;
276;v2_0_teacher_00066;2_0;768x768;3.10403E+18;teacher;left;2;2;2;2;3;;;;;;
277;v2_0_teacher_00067;2_0;768x768;3.10403E+18;teacher;left;1;2;3;3;3;;;;;;
278;v2_0_teacher_00068;2_0;768x768;3.10403E+18;teacher;left;2;2;3;3;2;;;;;;
281;v3_5_doctor_00001;3_5;1024x1024;3.10403E+18;doctor;left;1;1;1;2;2;;;;;;
282;v3_5_doctor_00002;3_5;1024x1024;3.10403E+18;doctor;left;1;1;1;3;1;;;;;;
283;v3_5_doctor_00003;3_5;1024x1024;3.10403E+18;doctor;left;1;1;1;2;1;;;;;;
284;v3_5_doctor_00004;3_5;1024x1024;3.10403E+18;doctor;left;1;2;2;2;2;;;;;;
285;v3_5_doctor_00005;3_5;1024x1024;3.10403E+18;doctor;left;1;2;2;1;3;;;;;;
286;v3_5_doctor_00006;3_5;1024x1024;3.10403E+18;doctor;left;2;1;1;3;1;;;;;;
287;v3_5_doctor_00007;3_5;1024x1024;3.10403E+18;doctor;left;1;2;2;3;3;;;;;;
288;v3_5_doctor_00008;3_5;1024x1024;3.10403E+18;doctor;left;1;2;2;1;3;;;;;;
289;v3_5_doctor_00009;3_5;1024x1024;3.10403E+18;doctor;left;1;2;2;3;3;;;;;;
290;v3_5_doctor_00010;3_5;1024x1024;3.10403E+18;doctor;left;1;2;1;1;1;;;;;;
291;v3_5_doctor_00011;3_5;1024x1024;3.10403E+18;doctor;left;1;1;1;3;1;;;;;;
292;v3_5_doctor_00012;3_5;1024x1024;3.10403E+18;doctor;left;1;1;1;3;2;;;;;;
293;v3_5_doctor_00013;3_5;1024x1024;3.10403E+18;doctor;left;1;1;2;2;3;;;;;;
294;v3_5_doctor_00014;3_5;1024x1024;3.10403E+18;doctor;left;1;2;2;1;2;;;;;;
295;v3_5_doctor_00015;3_5;1024x1024;3.10403E+18;doctor;left;1;1;1;2;1;;;;;;
296;v3_5_doctor_00016;3_5;1024x1024;3.10403E+18;doctor;left;1;1;1;3;3;;;;;;
297;v3_5_doctor_00017;3_5;1024x1024;3.10403E+18;doctor;left;1;1;1;2;3;;;;;;
298;v3_5_doctor_00018;3_5;1024x1024;3.10403E+18;doctor;left;1;1;1;2;1;;;;;;
299;v3_5_doctor_00019;3_5;1024x1024;3.10403E+18;doctor;left;2;2;2;1;1;;;;;;
300;v3_5_doctor_00020;3_5;1024x1024;3.10403E+18;doctor;left;1;2;3;1;1;;;;;;
301;v3_5_doctor_00021;3_5;1024x1024;3.10403E+18;doctor;left;1;2;2;3;3;;;;;;
302;v3_5_doctor_00022;3_5;1024x1024;3.10403E+18;doctor;left;2;1;1;3;3;;;;;;
303;v3_5_doctor_00023;3_5;1024x1024;3.10403E+18;doctor;left;1;2;2;2;3;;;;;;
304;v3_5_doctor_00024;3_5;1024x1024;3.10403E+18;doctor;left;2;1;3;2;1;;;;;;
305;v3_5_doctor_00025;3_5;1024x1024;3.10403E+18;doctor;left;1;1;1;2;1;;;;;;
306;v3_5_doctor_00026;3_5;1024x1024;3.10403E+18;doctor;left;1;1;3;3;3;;;;;;
307;v3_5_doctor_00027;3_5;1024x1024;3.10403E+18;doctor;left;1;1;2;2;3;;;;;;
308;v3_5_doctor_00028;3_5;1024x1024;3.10403E+18;doctor;left;2;2;2;1;2;;;;;;
309;v3_5_doctor_00029;3_5;1024x1024;3.10403E+18;doctor;left;1;1;1;2;3;;;;;;
310;v3_5_doctor_00030;3_5;1024x1024;3.10403E+18;doctor;left;2;2;2;2;3;;;;;;
311;v3_5_doctor_00031;3_5;1024x1024;3.10403E+18;doctor;left;1;1;3;3;3;;;;;;
312;v3_5_doctor_00032;3_5;1024x1024;3.10403E+18;doctor;left;1;1;1;3;3;;;;;;
313;v3_5_doctor_00033;3_5;1024x1024;3.10403E+18;doctor;left;1;1;1;3;3;;;;;;
314;v3_5_doctor_00034;3_5;1024x1024;3.10403E+18;doctor;left;1;1;1;2;1;;;;;;
315;v3_5_doctor_00035;3_5;1024x1024;3.10403E+18;doctor;left;1;1;1;2;1;;;;;;
316;v3_5_doctor_00036;3_5;1024x1024;3.10403E+18;doctor;left;1;1;1;2;3;;;;;;
317;v3_5_doctor_00037;3_5;1024x1024;3.10403E+18;doctor;left;1;2;2;3;1;;;;;;
318;v3_5_doctor_00038;3_5;1024x1024;3.10403E+18;doctor;left;1;1;3;2;1;;;;;;
319;v3_5_doctor_00039;3_5;1024x1024;3.10403E+18;doctor;left;1;2;2;3;3;;;;;;
320;v3_5_doctor_00040;3_5;1024x1024;3.10403E+18;doctor;left;1;1;1;3;3;;;;;;
321;v3_5_doctor_00041;3_5;1024x1024;3.10403E+18;doctor;left;1;1;1;2;1;;;;;;
322;v3_5_doctor_00042;3_5;1024x1024;3.10403E+18;doctor;left;2;2;2;1;1;;;;;;
323;v3_5_doctor_00043;3_5;1024x1024;3.10403E+18;doctor;left;2;2;3;2;2;;;;;;
324;v3_5_doctor_00044;3_5;1024x1024;3.10403E+18;doctor;left;1;2;2;1;3;;;;;;
325;v3_5_doctor_00045;3_5;1024x1024;3.10403E+18;doctor;left;1;1;1;2;1;;;;;;
326;v3_5_doctor_00046;3_5;1024x1024;3.10403E+18;doctor;left;1;1;3;1;3;;;;;;
327;v3_5_doctor_00047;3_5;1024x1024;3.10403E+18;doctor;left;1;1;1;3;1;;;;;;
328;v3_5_doctor_00048;3_5;1024x1024;3.10403E+18;doctor;left;2;1;3;3;3;;;;;;
329;v3_5_doctor_00049;3_5;1024x1024;3.10403E+18;doctor;left;1;2;2;2;3;;;;;;
330;v3_5_doctor_00050;3_5;1024x1024;3.10403E+18;doctor;left;1;2;2;1;3;;;;;;
331;v3_5_doctor_00051;3_5;1024x1024;3.10403E+18;doctor;left;1;2;2;2;3;;;;;;
332;v3_5_doctor_00052;3_5;1024x1024;3.10403E+18;doctor;left;1;1;1;1;3;;;;;;
333;v3_5_doctor_00053;3_5;1024x1024;3.10403E+18;doctor;left;1;1;1;2;1;;;;;;
334;v3_5_doctor_00054;3_5;1024x1024;3.10403E+18;doctor;left;1;1;1;2;3;;;;;;
335;v3_5_doctor_00055;3_5;1024x1024;3.10403E+18;doctor;left;2;1;2;3;3;;;;;;
336;v3_5_doctor_00056;3_5;1024x1024;3.10403E+18;doctor;left;1;1;1;2;3;;;;;;
337;v3_5_doctor_00057;3_5;1024x1024;3.10403E+18;doctor;left;2;2;1;1;1;;;;;;
338;v3_5_doctor_00058;3_5;1024x1024;3.10403E+18;doctor;left;1;2;2;1;1;;;;;;
339;v3_5_doctor_00059;3_5;1024x1024;3.10403E+18;doctor;left;1;2;2;2;3;;;;;;
340;v3_5_doctor_00060;3_5;1024x1024;3.10403E+18;doctor;left;1;2;3;1;3;;;;;;
341;v3_5_doctor_00061;3_5;1024x1024;3.10403E+18;doctor;left;2;1;1;3;1;;;;;;
342;v3_5_doctor_00062;3_5;1024x1024;3.10403E+18;doctor;left;1;1;1;3;3;;;;;;
343;v3_5_doctor_00063;3_5;1024x1024;3.10403E+18;doctor;left;1;2;3;3;1;;;;;;
344;v3_5_doctor_00064;3_5;1024x1024;3.10403E+18;doctor;left;1;1;1;1;2;;;;;;
345;v3_5_doctor_00065;3_5;1024x1024;3.10403E+18;doctor;left;1;1;1;3;1;;;;;;
346;v3_5_doctor_00066;3_5;1024x1024;3.10403E+18;doctor;left;2;1;1;2;1;;;;;;
347;v3_5_doctor_00067;3_5;1024x1024;3.10403E+18;doctor;left;2;1;1;2;1;;;;;;
348;v3_5_doctor_00068;3_5;1024x1024;3.10403E+18;doctor;left;1;1;1;2;1;;;;;;
349;v3_5_doctor_00069;3_5;1024x1024;3.10403E+18;doctor;left;1;2;1;1;3;;;;;;
350;v3_5_doctor_00070;3_5;1024x1024;3.10403E+18;doctor;left;1;1;1;3;3;;;;;;
351;v3_5_doctor_00071;3_5;1024x1024;3.10403E+18;doctor;left;1;2;1;3;3;;;;;;
352;v3_5_doctor_00072;3_5;1024x1024;3.10403E+18;doctor;left;1;1;1;2;1;;;;;;
353;v3_5_doctor_00073;3_5;1024x1024;3.10403E+18;doctor;left;1;1;1;1;1;;;;;;
354;v3_5_doctor_00074;3_5;1024x1024;3.10403E+18;doctor;left;1;2;3;2;3;;;;;;
355;v3_5_doctor_00075;3_5;1024x1024;3.10403E+18;doctor;left;2;1;2;2;3;;;;;;
356;v3_5_doctor_00076;3_5;1024x1024;3.10403E+18;doctor;left;1;1;2;2;3;;;;;;
357;v3_5_doctor_00077;3_5;1024x1024;3.10403E+18;doctor;left;1;1;1;3;3;;;;;;
358;v3_5_doctor_00078;3_5;1024x1024;3.10403E+18;doctor;left;2;1;2;2;3;;;;;;
359;v3_5_doctor_00079;3_5;1024x1024;3.10403E+18;doctor;left;1;1;1;3;3;;;;;;
360;v3_5_doctor_00080;3_5;1024x1024;3.10403E+18;doctor;left;1;1;1;2;2;;;;;;
361;v3_5_doctor_00081;3_5;1024x1024;3.10403E+18;doctor;left;2;2;3;1;1;;;;;;
362;v3_5_doctor_00082;3_5;1024x1024;3.10403E+18;doctor;left;2;2;2;3;1;;;;;;
363;v3_5_doctor_00083;3_5;1024x1024;3.10403E+18;doctor;left;1;2;2;1;2;;;;;;
364;v3_5_doctor_00084;3_5;1024x1024;3.10403E+18;doctor;left;2;1;1;2;3;;;;;;
365;v3_5_doctor_00085;3_5;1024x1024;3.10403E+18;doctor;left;1;1;1;2;1;;;;;;
366;v3_5_doctor_00086;3_5;1024x1024;3.10403E+18;doctor;left;2;2;2;2;3;;;;;;
367;v3_5_doctor_00087;3_5;1024x1024;3.10403E+18;doctor;left;1;1;1;1;3;;;;;;
368;v3_5_doctor_00088;3_5;1024x1024;3.10403E+18;doctor;left;1;1;1;2;2;;;;;;
369;v3_5_doctor_00089;3_5;1024x1024;3.10403E+18;doctor;left;1;1;1;1;1;;;;;;
370;v3_5_doctor_00090;3_5;1024x1024;3.10403E+18;doctor;left;1;1;3;3;3;;;;;;
371;v3_5_doctor_00091;3_5;1024x1024;3.10403E+18;doctor;left;2;2;2;1;3;;;;;;
372;v3_5_doctor_00092;3_5;1024x1024;3.10403E+18;doctor;left;1;2;3;2;1;;;;;;
373;v3_5_doctor_00093;3_5;1024x1024;3.10403E+18;doctor;left;1;1;1;2;3;;;;;;
374;v3_5_doctor_00094;3_5;1024x1024;3.10403E+18;doctor;left;1;1;1;2;3;;;;;;
375;v3_5_doctor_00095;3_5;1024x1024;3.10403E+18;doctor;left;1;2;2;2;2;;;;;;
376;v3_5_doctor_00096;3_5;1024x1024;3.10403E+18;doctor;left;1;2;2;1;2;;;;;;
377;v3_5_doctor_00097;3_5;1024x1024;3.10403E+18;doctor;left;1;1;2;2;2;;;;;;
378;v3_5_doctor_00098;3_5;1024x1024;3.10403E+18;doctor;left;1;1;1;3;3;;;;;;
379;v3_5_doctor_00099;3_5;1024x1024;3.10403E+18;doctor;left;1;1;1;1;3;;;;;;
380;v3_5_doctor_00100;3_5;1024x1024;3.10403E+18;doctor;left;1;2;2;1;2;;;;;;
381;v3_5_teacher_00001;3_5;1024x1024;3.10403E+18;teacher;left;1;1;1;2;3;;;;;;
382;v3_5_teacher_00002;3_5;1024x1024;3.10403E+18;teacher;left;1;1;1;3;3;;;;;;
383;v3_5_teacher_00003;3_5;1024x1024;3.10403E+18;teacher;left;2;1;1;2;3;;;;;;
384;v3_5_teacher_00004;3_5;1024x1024;3.10403E+18;teacher;left;1;2;2;3;2;;;;;;
385;v3_5_teacher_00005;3_5;1024x1024;3.10403E+18;teacher;left;2;2;2;1;3;;;;;;
386;v3_5_teacher_00006;3_5;1024x1024;3.10403E+18;teacher;left;1;1;1;1;3;;;;;;
387;v3_5_teacher_00007;3_5;1024x1024;3.10403E+18;teacher;left;2;2;2;3;2;;;;;;
388;v3_5_teacher_00008;3_5;1024x1024;3.10403E+18;teacher;left;2;2;1;3;3;;;;;;
389;v3_5_teacher_00009;3_5;1024x1024;3.10403E+18;teacher;left;1;2;2;1;3;;;;;;
390;v3_5_teacher_00010;3_5;1024x1024;3.10403E+18;teacher;left;1;2;1;1;3;;;;;;
391;v3_5_teacher_00011;3_5;1024x1024;3.10403E+18;teacher;left;2;2;1;3;3;;;;;;
392;v3_5_teacher_00012;3_5;1024x1024;3.10403E+18;teacher;left;2;1;1;3;3;;;;;;
393;v3_5_teacher_00013;3_5;1024x1024;3.10403E+18;teacher;left;1;2;2;3;3;;;;;;
394;v3_5_teacher_00014;3_5;1024x1024;3.10403E+18;teacher;left;2;2;3;1;3;;;;;;
395;v3_5_teacher_00015;3_5;1024x1024;3.10403E+18;teacher;left;1;2;1;2;3;;;;;;
396;v3_5_teacher_00016;3_5;1024x1024;3.10403E+18;teacher;left;2;2;2;1;1;;;;;;
397;v3_5_teacher_00017;3_5;1024x1024;3.10403E+18;teacher;left;2;2;1;1;3;;;;;;
398;v3_5_teacher_00018;3_5;1024x1024;3.10403E+18;teacher;left;1;1;1;2;3;;;;;;
399;v3_5_teacher_00019;3_5;1024x1024;3.10403E+18;teacher;left;2;2;2;1;3;;;;;;
400;v3_5_teacher_00020;3_5;1024x1024;3.10403E+18;teacher;left;1;2;3;1;3;;;;;;
401;v3_5_teacher_00021;3_5;1024x1024;3.10403E+18;teacher;left;2;2;1;3;3;;;;;;
402;v3_5_teacher_00022;3_5;1024x1024;3.10403E+18;teacher;left;2;1;1;3;3;;;;;;
403;v3_5_teacher_00023;3_5;1024x1024;3.10403E+18;teacher;left;1;2;2;2;3;;;;;;
404;v3_5_teacher_00024;3_5;1024x1024;3.10403E+18;teacher;left;2;2;2;2;3;;;;;;
406;v3_5_teacher_00026;3_5;1024x1024;3.10403E+18;teacher;left;1;1;1;3;1;;;;;;
407;v3_5_teacher_00027;3_5;1024x1024;3.10403E+18;teacher;left;2;1;3;2;3;;;;;;
408;v3_5_teacher_00028;3_5;1024x1024;3.10403E+18;teacher;left;2;2;2;1;3;;;;;;
409;v3_5_teacher_00029;3_5;1024x1024;3.10403E+18;teacher;left;2;1;1;3;3;;;;;;
410;v3_5_teacher_00030;3_5;1024x1024;3.10403E+18;teacher;left;2;2;2;1;3;;;;;;
411;v3_5_teacher_00031;3_5;1024x1024;3.10403E+18;teacher;left;1;1;1;3;3;;;;;;
412;v3_5_teacher_00032;3_5;1024x1024;3.10403E+18;teacher;left;1;1;2;2;3;;;;;;
413;v3_5_teacher_00033;3_5;1024x1024;3.10403E+18;teacher;left;2;2;3;3;3;;;;;;
414;v3_5_teacher_00034;3_5;1024x1024;3.10403E+18;teacher;left;1;1;3;1;3;;;;;;
415;v3_5_teacher_00035;3_5;1024x1024;3.10403E+18;teacher;left;2;2;3;2;3;;;;;;
416;v3_5_teacher_00036;3_5;1024x1024;3.10403E+18;teacher;left;1;2;1;2;3;;;;;;
417;v3_5_teacher_00037;3_5;1024x1024;3.10403E+18;teacher;left;1;2;1;3;3;;;;;;
418;v3_5_teacher_00038;3_5;1024x1024;3.10403E+18;teacher;left;2;2;2;2;3;;;;;;
419;v3_5_teacher_00039;3_5;1024x1024;3.10403E+18;teacher;left;1;2;2;2;3;;;;;;
420;v3_5_teacher_00040;3_5;1024x1024;3.10403E+18;teacher;left;1;1;1;1;3;;;;;;
421;v3_5_teacher_00041;3_5;1024x1024;3.10403E+18;teacher;left;2;2;1;3;3;;;;;;
422;v3_5_teacher_00042;3_5;1024x1024;3.10403E+18;teacher;left;2;2;2;1;3;;;;;;
423;v3_5_teacher_00043;3_5;1024x1024;3.10403E+18;teacher;left;2;2;1;2;3;;;;;;
424;v3_5_teacher_00044;3_5;1024x1024;3.10403E+18;teacher;left;1;2;1;3;3;;;;;;
425;v3_5_teacher_00045;3_5;1024x1024;3.10403E+18;teacher;left;1;1;1;2;3;;;;;;
426;v3_5_teacher_00046;3_5;1024x1024;3.10403E+18;teacher;left;1;1;1;3;2;;;;;;
427;v3_5_teacher_00047;3_5;1024x1024;3.10403E+18;teacher;left;1;2;2;1;2;;;;;;
428;v3_5_teacher_00048;3_5;1024x1024;3.10403E+18;teacher;left;2;1;1;1;3;;;;;;
429;v3_5_teacher_00049;3_5;1024x1024;3.10403E+18;teacher;left;1;2;2;3;3;;;;;;
430;v3_5_teacher_00050;3_5;1024x1024;3.10403E+18;teacher;left;1;2;2;3;3;;;;;;
431;v3_5_teacher_00051;3_5;1024x1024;3.10403E+18;teacher;left;1;2;2;2;3;;;;;;
432;v3_5_teacher_00052;3_5;1024x1024;3.10403E+18;teacher;left;2;1;1;3;3;;;;;;
433;v3_5_teacher_00053;3_5;1024x1024;3.10403E+18;teacher;left;1;2;2;3;3;;;;;;
434;v3_5_teacher_00054;3_5;1024x1024;3.10403E+18;teacher;left;1;2;2;2;3;;;;;;
435;v3_5_teacher_00055;3_5;1024x1024;3.10403E+18;teacher;left;2;1;1;3;1;;;;;;
436;v3_5_teacher_00056;3_5;1024x1024;3.10403E+18;teacher;left;1;1;1;3;1;;;;;;
437;v3_5_teacher_00057;3_5;1024x1024;3.10403E+18;teacher;left;2;2;3;3;3;;;;;;
438;v3_5_teacher_00058;3_5;1024x1024;3.10403E+18;teacher;left;1;2;2;1;2;;;;;;
439;v3_5_teacher_00059;3_5;1024x1024;3.10403E+18;teacher;left;1;2;2;2;1;;;;;;
440;v3_5_teacher_00060;3_5;1024x1024;3.10403E+18;teacher;left;2;2;1;2;3;;;;;;
441;v3_5_teacher_00061;3_5;1024x1024;3.10403E+18;teacher;left;1;2;2;1;3;;;;;;
442;v3_5_teacher_00062;3_5;1024x1024;3.10403E+18;teacher;left;2;1;1;1;3;;;;;;
443;v3_5_teacher_00063;3_5;1024x1024;3.10403E+18;teacher;left;1;1;1;3;3;;;;;;
444;v3_5_teacher_00064;3_5;1024x1024;3.10403E+18;teacher;left;1;1;1;1;1;;;;;;
445;v3_5_teacher_00065;3_5;1024x1024;3.10403E+18;teacher;left;1;1;1;3;3;;;;;;
446;v3_5_teacher_00066;3_5;1024x1024;3.10403E+18;teacher;left;2;1;1;2;3;;;;;;
447;v3_5_teacher_00067;3_5;1024x1024;3.10403E+18;teacher;left;1;2;1;2;3;;;;;;
448;v3_5_teacher_00068;3_5;1024x1024;3.10403E+18;teacher;left;1;1;1;3;1;;;;;;
449;v3_5_teacher_00069;3_5;1024x1024;3.10403E+18;teacher;left;1;2;2;2;3;;;;;;
450;v3_5_teacher_00070;3_5;1024x1024;3.10403E+18;teacher;left;1;1;3;3;1;;;;;;
451;v3_5_teacher_00071;3_5;1024x1024;3.10403E+18;teacher;left;1;1;1;3;3;;;;;;
452;v3_5_teacher_00072;3_5;1024x1024;3.10403E+18;teacher;left;1;1;1;3;3;;;;;;
453;v3_5_teacher_00073;3_5;1024x1024;3.10403E+18;teacher;left;2;1;2;3;2;;;;;;
454;v3_5_teacher_00074;3_5;1024x1024;3.10403E+18;teacher;left;1;2;1;1;3;;;;;;
455;v3_5_teacher_00075;3_5;1024x1024;3.10403E+18;teacher;left;2;1;1;2;3;;;;;;
456;v3_5_teacher_00076;3_5;1024x1024;3.10403E+18;teacher;left;1;2;2;1;1;;;;;;
457;v3_5_teacher_00077;3_5;1024x1024;3.10403E+18;teacher;left;2;1;1;2;3;;;;;;
458;v3_5_teacher_00078;3_5;1024x1024;3.10403E+18;teacher;left;1;1;1;2;3;;;;;;
459;v3_5_teacher_00079;3_5;1024x1024;3.10403E+18;teacher;left;1;2;1;3;1;;;;;;
460;v3_5_teacher_00080;3_5;1024x1024;3.10403E+18;teacher;left;2;1;1;2;3;;;;;;
461;v3_5_teacher_00081;3_5;1024x1024;3.10403E+18;teacher;left;1;2;2;2;3;;;;;;
462;v3_5_teacher_00082;3_5;1024x1024;3.10403E+18;teacher;left;2;2;2;3;2;;;;;;
463;v3_5_teacher_00083;3_5;1024x1024;3.10403E+18;teacher;left;2;2;1;3;2;;;;;;
464;v3_5_teacher_00084;3_5;1024x1024;3.10403E+18;teacher;left;2;1;1;3;3;;;;;;
465;v3_5_teacher_00085;3_5;1024x1024;3.10403E+18;teacher;left;1;2;1;3;3;;;;;;
466;v3_5_teacher_00086;3_5;1024x1024;3.10403E+18;teacher;left;1;2;3;1;3;;;;;;
467;v3_5_teacher_00087;3_5;1024x1024;3.10403E+18;teacher;left;2;1;1;1;3;;;;;;
468;v3_5_teacher_00088;3_5;1024x1024;3.10403E+18;teacher;left;1;1;3;2;3;;;;;;
469;v3_5_teacher_00089;3_5;1024x1024;3.10403E+18;teacher;left;2;2;1;1;3;;;;;;
470;v3_5_teacher_00090;3_5;1024x1024;3.10403E+18;teacher;left;1;1;1;2;3;;;;;;
471;v3_5_teacher_00091;3_5;1024x1024;3.10403E+18;teacher;left;1;1;3;2;2;;;;;;
472;v3_5_teacher_00092;3_5;1024x1024;3.10403E+18;teacher;left;1;2;2;3;3;;;;;;
473;v3_5_teacher_00093;3_5;1024x1024;3.10403E+18;teacher;left;1;1;1;3;1;;;;;;
474;v3_5_teacher_00094;3_5;1024x1024;3.10403E+18;teacher;left;1;1;1;3;3;;;;;;
475;v3_5_teacher_00095;3_5;1024x1024;3.10403E+18;teacher;left;1;1;1;2;3;;;;;;
476;v3_5_teacher_00096;3_5;1024x1024;3.10403E+18;teacher;left;2;2;2;1;3;;;;;;
477;v3_5_teacher_00097;3_5;1024x1024;3.10403E+18;teacher;left;2;1;3;3;3;;;;;;
478;v3_5_teacher_00098;3_5;1024x1024;3.10403E+18;teacher;left;1;1;1;1;1;;;;;;
479;v3_5_teacher_00099;3_5;1024x1024;3.10403E+18;teacher;left;1;1;1;1;1;;;;;;
480;v3_5_teacher_00100;3_5;1024x1024;3.10403E+18;teacher;left;1;1;1;3;3;;;;;;
481;v1_5_doctor_00001;1_5;512x512;3.10403E+18;doctor;right;1;2;1;2;3;;;;;;
482;v1_5_doctor_00004;1_5;512x512;3.10403E+18;doctor;right;1;2;2;3;2;;;;;;
483;v1_5_doctor_00005;1_5;512x512;3.10403E+18;doctor;right;2;1;3;3;3;;;;;;
484;v1_5_doctor_00006;1_5;512x512;3.10403E+18;doctor;right;1;2;1;3;2;;;;;;
485;v1_5_doctor_00007;1_5;512x512;3.10403E+18;doctor;right;2;1;1;3;3;;;;;;
486;v1_5_doctor_00008;1_5;512x512;3.10403E+18;doctor;right;1;2;2;1;3;;;;;;
487;v1_5_doctor_00009;1_5;512x512;3.10403E+18;doctor;right;1;2;1;2;1;;;;;;
488;v1_5_doctor_00010;1_5;512x512;3.10403E+18;doctor;right;1;2;2;1;2;;;;;;
489;v1_5_doctor_00012;1_5;512x512;3.10403E+18;doctor;right;1;2;3;3;1;;;;;;
490;v1_5_doctor_00013;1_5;512x512;3.10403E+18;doctor;right;2;2;2;3;2;;;;;;
491;v1_5_doctor_00016;1_5;512x512;3.10403E+18;doctor;right;3;2;3;1;2;;;;;;
492;v1_5_doctor_00017;1_5;512x512;3.10403E+18;doctor;right;1;2;1;3;2;;;;;;
493;v1_5_doctor_00018;1_5;512x512;3.10403E+18;doctor;right;1;1;1;2;3;;;;;;
494;v1_5_doctor_00019;1_5;512x512;3.10403E+18;doctor;right;2;2;2;2;3;;;;;;
495;v1_5_doctor_00020;1_5;512x512;3.10403E+18;doctor;right;2;1;1;1;1;;;;;;
496;v1_5_doctor_00022;1_5;512x512;3.10403E+18;doctor;right;1;2;1;3;2;;;;;;
497;v1_5_doctor_00023;1_5;512x512;3.10403E+18;doctor;right;1;2;2;3;1;;;;;;
498;v1_5_doctor_00027;1_5;512x512;3.10403E+18;doctor;right;2;2;1;1;2;;;;;;
499;v1_5_doctor_00028;1_5;512x512;3.10403E+18;doctor;right;1;2;2;3;2;;;;;;
500;v1_5_doctor_00030;1_5;512x512;3.10403E+18;doctor;right;1;2;1;1;3;;;;;;
501;v1_5_doctor_00032;1_5;512x512;3.10403E+18;doctor;right;2;1;1;1;2;;;;;;
502;v1_5_doctor_00033;1_5;512x512;3.10403E+18;doctor;right;1;2;2;1;3;;;;;;
503;v1_5_doctor_00035;1_5;512x512;3.10403E+18;doctor;right;1;2;2;3;2;;;;;;
504;v1_5_doctor_00036;1_5;512x512;3.10403E+18;doctor;right;1;1;1;1;1;;;;;;
505;v1_5_doctor_00037;1_5;512x512;3.10403E+18;doctor;right;2;2;1;2;1;;;;;;
506;v1_5_doctor_00038;1_5;512x512;3.10403E+18;doctor;right;1;2;1;3;2;;;;;;
507;v1_5_doctor_00039;1_5;512x512;3.10403E+18;doctor;right;2;2;1;3;3;;;;;;
508;v1_5_doctor_00040;1_5;512x512;3.10403E+18;doctor;right;1;2;2;2;3;;;;;;
509;v1_5_doctor_00041;1_5;512x512;3.10403E+18;doctor;right;1;2;2;2;1;;;;;;
510;v1_5_doctor_00045;1_5;512x512;3.10403E+18;doctor;right;2;2;2;3;2;;;;;;
511;v1_5_doctor_00047;1_5;512x512;3.10403E+18;doctor;right;1;2;1;3;3;;;;;;
512;v1_5_doctor_00048;1_5;512x512;3.10403E+18;doctor;right;1;2;1;3;3;;;;;;
513;v1_5_doctor_00051;1_5;512x512;3.10403E+18;doctor;right;1;2;2;2;3;;;;;;
514;v1_5_doctor_00052;1_5;512x512;3.10403E+18;doctor;right;1;2;2;1;2;;;;;;
515;v1_5_doctor_00053;1_5;512x512;3.10403E+18;doctor;right;1;1;3;1;1;;;;;;
516;v1_5_doctor_00056;1_5;512x512;3.10403E+18;doctor;right;1;2;2;2;1;;;;;;
517;v1_5_doctor_00057;1_5;512x512;3.10403E+18;doctor;right;1;2;1;2;3;;;;;;
518;v1_5_doctor_00060;1_5;512x512;3.10403E+18;doctor;right;1;2;3;3;2;;;;;;
519;v1_5_doctor_00062;1_5;512x512;3.10403E+18;doctor;right;3;2;1;3;2;;;;;;
520;v1_5_doctor_00065;1_5;512x512;3.10403E+18;doctor;right;1;2;2;2;3;;;;;;
521;v1_5_doctor_00068;1_5;512x512;3.10403E+18;doctor;right;1;2;1;2;1;;;;;;
522;v1_5_doctor_00069;1_5;512x512;3.10403E+18;doctor;right;1;2;2;3;3;;;;;;
523;v1_5_teacher_00001;1_5;512x512;3.10403E+18;teacher;right;1;1;1;3;3;;;;;;
524;v1_5_teacher_00002;1_5;512x512;3.10403E+18;teacher;right;1;1;2;1;1;;;;;;
525;v1_5_teacher_00003;1_5;512x512;3.10403E+18;teacher;right;1;3;2;3;2;;;;;;
526;v1_5_teacher_00004;1_5;512x512;3.10403E+18;teacher;right;2;2;2;2;1;;;;;;
527;v1_5_teacher_00005;1_5;512x512;3.10403E+18;teacher;right;2;1;3;1;1;;;;;;
528;v1_5_teacher_00006;1_5;512x512;3.10403E+18;teacher;right;1;1;1;2;3;;;;;;
529;v1_5_teacher_00007;1_5;512x512;3.10403E+18;teacher;right;1;1;3;3;3;;;;;;
530;v1_5_teacher_00008;1_5;512x512;3.10403E+18;teacher;right;2;1;2;3;3;;;;;;
531;v1_5_teacher_00009;1_5;512x512;3.10403E+18;teacher;right;1;1;3;1;2;;;;;;
532;v1_5_teacher_00010;1_5;512x512;3.10403E+18;teacher;right;2;1;2;1;2;;;;;;
533;v1_5_teacher_00012;1_5;512x512;3.10403E+18;teacher;right;2;1;2;3;3;;;;;;
534;v1_5_teacher_00013;1_5;512x512;3.10403E+18;teacher;right;2;2;1;1;1;;;;;;
535;v1_5_teacher_00014;1_5;512x512;3.10403E+18;teacher;right;2;1;1;1;1;;;;;;
536;v1_5_teacher_00016;1_5;512x512;3.10403E+18;teacher;right;1;2;2;2;2;;;;;;
537;v1_5_teacher_00017;1_5;512x512;3.10403E+18;teacher;right;1;2;1;2;1;;;;;;
538;v1_5_teacher_00018;1_5;512x512;3.10403E+18;teacher;right;1;1;1;2;3;;;;;;
539;v1_5_teacher_00020;1_5;512x512;3.10403E+18;teacher;right;1;1;1;3;1;;;;;;
540;v1_5_teacher_00021;1_5;512x512;3.10403E+18;teacher;right;1;1;1;3;3;;;;;;
541;v1_5_teacher_00022;1_5;512x512;3.10403E+18;teacher;right;1;1;1;3;3;;;;;;
542;v1_5_teacher_00025;1_5;512x512;3.10403E+18;teacher;right;1;1;3;3;3;;;;;;
543;v1_5_teacher_00028;1_5;512x512;3.10403E+18;teacher;right;2;2;2;2;2;;;;;;
544;v1_5_teacher_00032;1_5;512x512;3.10403E+18;teacher;right;1;1;1;1;2;;;;;;
545;v1_5_teacher_00033;1_5;512x512;3.10403E+18;teacher;right;1;2;2;2;2;;;;;;
546;v1_5_teacher_00035;1_5;512x512;3.10403E+18;teacher;right;1;1;2;2;1;;;;;;
547;v1_5_teacher_00036;1_5;512x512;3.10403E+18;teacher;right;1;1;2;2;3;;;;;;
548;v1_5_teacher_00037;1_5;512x512;3.10403E+18;teacher;right;1;2;2;3;1;;;;;;
549;v1_5_teacher_00038;1_5;512x512;3.10403E+18;teacher;right;2;1;1;3;1;;;;;;
550;v1_5_teacher_00039;1_5;512x512;3.10403E+18;teacher;right;1;2;2;2;3;;;;;;
551;v1_5_teacher_00040;1_5;512x512;3.10403E+18;teacher;right;1;1;3;3;3;;;;;;
552;v1_5_teacher_00041;1_5;512x512;3.10403E+18;teacher;right;2;2;2;3;2;;;;;;
553;v1_5_teacher_00045;1_5;512x512;3.10403E+18;teacher;right;2;2;2;1;2;;;;;;
554;v1_5_teacher_00046;1_5;512x512;3.10403E+18;teacher;right;1;1;2;2;1;;;;;;
555;v1_5_teacher_00047;1_5;512x512;3.10403E+18;teacher;right;1;1;1;2;2;;;;;;
556;v1_5_teacher_00048;1_5;512x512;3.10403E+18;teacher;right;2;2;1;2;2;;;;;;
557;v1_5_teacher_00049;1_5;512x512;3.10403E+18;teacher;right;2;2;2;3;1;;;;;;
558;v1_5_teacher_00050;1_5;512x512;3.10403E+18;teacher;right;1;2;2;2;3;;;;;;
559;v1_5_teacher_00051;1_5;512x512;3.10403E+18;teacher;right;2;1;2;3;1;;;;;;
560;v1_5_teacher_00053;1_5;512x512;3.10403E+18;teacher;right;1;1;1;1;3;;;;;;
561;v1_5_teacher_00055;1_5;512x512;3.10403E+18;teacher;right;2;2;3;3;3;;;;;;
562;v1_5_teacher_00056;1_5;512x512;3.10403E+18;teacher;right;1;1;2;2;2;;;;;;
563;v1_5_teacher_00059;1_5;512x512;3.10403E+18;teacher;right;2;1;1;3;3;;;;;;
564;v1_5_teacher_00060;1_5;512x512;3.10403E+18;teacher;right;1;2;3;3;3;;;;;;
565;v1_5_teacher_00061;1_5;512x512;3.10403E+18;teacher;right;2;1;1;2;2;;;;;;
566;v1_5_teacher_00062;1_5;512x512;3.10403E+18;teacher;right;1;2;2;3;2;;;;;;
567;v1_5_teacher_00064;1_5;512x512;3.10403E+18;teacher;right;1;1;2;1;1;;;;;;
568;v1_5_teacher_00066;1_5;512x512;3.10403E+18;teacher;right;2;1;2;3;2;;;;;;
569;v2_0_doctor_00001;2_0;768x768;3.10403E+18;doctor;right;2;2;2;3;3;;;;;;
570;v2_0_doctor_00003;2_0;768x768;3.10403E+18;doctor;right;1;1;2;3;3;;;;;;
571;v2_0_doctor_00005;2_0;768x768;3.10403E+18;doctor;right;1;1;1;2;3;;;;;;
572;v2_0_doctor_00006;2_0;768x768;3.10403E+18;doctor;right;2;2;2;3;3;;;;;;
573;v2_0_doctor_00008;2_0;768x768;3.10403E+18;doctor;right;2;2;3;3;3;;;;;;
574;v2_0_doctor_00010;2_0;768x768;3.10403E+18;doctor;right;2;2;1;3;2;;;;;;
575;v2_0_doctor_00011;2_0;768x768;3.10403E+18;doctor;right;1;1;1;3;2;;;;;;
576;v2_0_doctor_00012;2_0;768x768;3.10403E+18;doctor;right;1;1;3;2;3;;;;;;
577;v2_0_doctor_00013;2_0;768x768;3.10403E+18;doctor;right;1;2;2;1;1;;;;;;
578;v2_0_doctor_00014;2_0;768x768;3.10403E+18;doctor;right;1;3;2;3;3;;;;;;
579;v2_0_doctor_00015;2_0;768x768;3.10403E+18;doctor;right;2;2;2;1;3;;;;;;
580;v2_0_doctor_00016;2_0;768x768;3.10403E+18;doctor;right;1;2;2;3;2;;;;;;
581;v2_0_doctor_00018;2_0;768x768;3.10403E+18;doctor;right;2;2;1;3;1;;;;;;
582;v2_0_doctor_00019;2_0;768x768;3.10403E+18;doctor;right;2;2;2;2;1;;;;;;
583;v2_0_doctor_00020;2_0;768x768;3.10403E+18;doctor;right;1;2;2;3;1;;;;;;
584;v2_0_doctor_00021;2_0;768x768;3.10403E+18;doctor;right;1;1;1;2;3;;;;;;
585;v2_0_doctor_00022;2_0;768x768;3.10403E+18;doctor;right;2;2;3;3;3;;;;;;
586;v2_0_doctor_00023;2_0;768x768;3.10403E+18;doctor;right;1;2;1;3;3;;;;;;
587;v2_0_doctor_00024;2_0;768x768;3.10403E+18;doctor;right;2;2;2;3;3;;;;;;
588;v2_0_doctor_00025;2_0;768x768;3.10403E+18;doctor;right;1;2;2;1;3;;;;;;
589;v2_0_doctor_00026;2_0;768x768;3.10403E+18;doctor;right;1;2;3;3;2;;;;;;
590;v2_0_doctor_00027;2_0;768x768;3.10403E+18;doctor;right;1;1;1;3;3;;;;;;
591;v2_0_doctor_00029;2_0;768x768;3.10403E+18;doctor;right;1;2;2;3;2;;;;;;
592;v2_0_doctor_00030;2_0;768x768;3.10403E+18;doctor;right;1;2;3;2;2;;;;;;
593;v2_0_doctor_00031;2_0;768x768;3.10403E+18;doctor;right;1;2;2;3;1;;;;;;
594;v2_0_doctor_00033;2_0;768x768;3.10403E+18;doctor;right;1;2;3;2;3;;;;;;
595;v2_0_doctor_00034;2_0;768x768;3.10403E+18;doctor;right;1;2;1;3;3;;;;;;
596;v2_0_doctor_00035;2_0;768x768;3.10403E+18;doctor;right;1;2;2;3;1;;;;;;
597;v2_0_doctor_00037;2_0;768x768;3.10403E+18;doctor;right;3;2;2;2;2;;;;;;
598;v2_0_doctor_00038;2_0;768x768;3.10403E+18;doctor;right;1;2;2;1;3;;;;;;
599;v2_0_doctor_00040;2_0;768x768;3.10403E+18;doctor;right;1;1;1;3;2;;;;;;
600;v2_0_doctor_00041;2_0;768x768;3.10403E+18;doctor;right;1;2;2;3;3;;;;;;
601;v2_0_doctor_00042;2_0;768x768;3.10403E+18;doctor;right;1;1;1;1;3;;;;;;
602;v2_0_doctor_00043;2_0;768x768;3.10403E+18;doctor;right;1;2;1;2;3;;;;;;
603;v2_0_doctor_00044;2_0;768x768;3.10403E+18;doctor;right;1;2;2;3;1;;;;;;
604;v2_0_doctor_00045;2_0;768x768;3.10403E+18;doctor;right;1;1;1;3;2;;;;;;
605;v2_0_doctor_00047;2_0;768x768;3.10403E+18;doctor;right;2;1;1;1;1;;;;;;
606;v2_0_doctor_00049;2_0;768x768;3.10403E+18;doctor;right;3;3;2;2;2;;;;;;
607;v2_0_doctor_00051;2_0;768x768;3.10403E+18;doctor;right;1;2;1;1;3;;;;;;
608;v2_0_doctor_00052;2_0;768x768;3.10403E+18;doctor;right;1;2;1;1;1;;;;;;
609;v2_0_doctor_00053;2_0;768x768;3.10403E+18;doctor;right;1;1;3;1;2;;;;;;
610;v2_0_doctor_00054;2_0;768x768;3.10403E+18;doctor;right;1;2;1;3;3;;;;;;
611;v2_0_doctor_00055;2_0;768x768;3.10403E+18;doctor;right;1;2;2;2;3;;;;;;
612;v2_0_doctor_00056;2_0;768x768;3.10403E+18;doctor;right;1;2;1;1;3;;;;;;
613;v2_0_doctor_00057;2_0;768x768;3.10403E+18;doctor;right;2;1;1;3;3;;;;;;
614;v2_0_doctor_00058;2_0;768x768;3.10403E+18;doctor;right;1;2;1;1;2;;;;;;
615;v2_0_doctor_00059;2_0;768x768;3.10403E+18;doctor;right;1;2;2;1;2;;;;;;
616;v2_0_doctor_00060;2_0;768x768;3.10403E+18;doctor;right;2;1;1;1;2;;;;;;
617;v2_0_doctor_00061;2_0;768x768;3.10403E+18;doctor;right;1;2;2;3;3;;;;;;
618;v2_0_doctor_00062;2_0;768x768;3.10403E+18;doctor;right;2;2;3;1;2;;;;;;
619;v2_0_doctor_00063;2_0;768x768;3.10403E+18;doctor;right;1;2;2;3;2;;;;;;
620;v2_0_doctor_00065;2_0;768x768;3.10403E+18;doctor;right;1;2;1;3;1;;;;;;
621;v2_0_doctor_00066;2_0;768x768;3.10403E+18;doctor;right;2;2;3;1;3;;;;;;
622;v2_0_doctor_00067;2_0;768x768;3.10403E+18;doctor;right;1;2;2;3;1;;;;;;
623;v2_0_doctor_00070;2_0;768x768;3.10403E+18;doctor;right;1;2;2;1;1;;;;;;
624;v2_0_teacher_00003;2_0;768x768;3.10403E+18;teacher;right;1;1;3;3;1;;;;;;
625;v2_0_teacher_00004;2_0;768x768;3.10403E+18;teacher;right;1;2;1;2;3;;;;;;
626;v2_0_teacher_00005;2_0;768x768;3.10403E+18;teacher;right;2;2;2;2;3;;;;;;
627;v2_0_teacher_00006;2_0;768x768;3.10403E+18;teacher;right;2;2;1;3;3;;;;;;
628;v2_0_teacher_00007;2_0;768x768;3.10403E+18;teacher;right;1;1;1;3;3;;;;;;
629;v2_0_teacher_00008;2_0;768x768;3.10403E+18;teacher;right;2;2;1;2;3;;;;;;
630;v2_0_teacher_00011;2_0;768x768;3.10403E+18;teacher;right;2;1;3;2;3;;;;;;
631;v2_0_teacher_00012;2_0;768x768;3.10403E+18;teacher;right;1;2;2;2;3;;;;;;
632;v2_0_teacher_00013;2_0;768x768;3.10403E+18;teacher;right;1;1;2;1;3;;;;;;
633;v2_0_teacher_00015;2_0;768x768;3.10403E+18;teacher;right;1;2;1;2;1;;;;;;
634;v2_0_teacher_00016;2_0;768x768;3.10403E+18;teacher;right;2;2;2;3;3;;;;;;
635;v2_0_teacher_00017;2_0;768x768;3.10403E+18;teacher;right;1;2;3;1;3;;;;;;
636;v2_0_teacher_00018;2_0;768x768;3.10403E+18;teacher;right;3;1;2;2;3;;;;;;
637;v2_0_teacher_00019;2_0;768x768;3.10403E+18;teacher;right;1;2;2;3;3;;;;;;
638;v2_0_teacher_00020;2_0;768x768;3.10403E+18;teacher;right;1;2;2;3;3;;;;;;
639;v2_0_teacher_00021;2_0;768x768;3.10403E+18;teacher;right;2;2;1;1;3;;;;;;
640;v2_0_teacher_00023;2_0;768x768;3.10403E+18;teacher;right;2;1;1;1;1;;;;;;
641;v2_0_teacher_00024;2_0;768x768;3.10403E+18;teacher;right;2;1;1;3;3;;;;;;
642;v2_0_teacher_00025;2_0;768x768;3.10403E+18;teacher;right;2;2;3;1;3;;;;;;
643;v2_0_teacher_00026;2_0;768x768;3.10403E+18;teacher;right;1;2;3;3;3;;;;;;
644;v2_0_teacher_00027;2_0;768x768;3.10403E+18;teacher;right;1;1;1;1;3;;;;;;
645;v2_0_teacher_00028;2_0;768x768;3.10403E+18;teacher;right;1;1;1;2;3;;;;;;
646;v2_0_teacher_00029;2_0;768x768;3.10403E+18;teacher;right;1;2;1;1;3;;;;;;
647;v2_0_teacher_00030;2_0;768x768;3.10403E+18;teacher;right;1;2;2;2;3;;;;;;
648;v2_0_teacher_00033;2_0;768x768;3.10403E+18;teacher;right;1;1;3;2;1;;;;;;
649;v2_0_teacher_00034;2_0;768x768;3.10403E+18;teacher;right;2;2;3;1;3;;;;;;
650;v2_0_teacher_00035;2_0;768x768;3.10403E+18;teacher;right;2;2;2;1;3;;;;;;
651;v2_0_teacher_00036;2_0;768x768;3.10403E+18;teacher;right;1;2;2;3;3;;;;;;
652;v2_0_teacher_00038;2_0;768x768;3.10403E+18;teacher;right;1;2;2;1;3;;;;;;
653;v2_0_teacher_00039;2_0;768x768;3.10403E+18;teacher;right;1;2;2;1;3;;;;;;
654;v2_0_teacher_00040;2_0;768x768;3.10403E+18;teacher;right;1;1;1;3;3;;;;;;
655;v2_0_teacher_00042;2_0;768x768;3.10403E+18;teacher;right;1;1;1;3;3;;;;;;
656;v2_0_teacher_00043;2_0;768x768;3.10403E+18;teacher;right;1;1;1;2;3;;;;;;
657;v2_0_teacher_00046;2_0;768x768;3.10403E+18;teacher;right;2;2;1;1;3;;;;;;
658;v2_0_teacher_00047;2_0;768x768;3.10403E+18;teacher;right;1;2;2;3;3;;;;;;
659;v2_0_teacher_00049;2_0;768x768;3.10403E+18;teacher;right;1;2;3;3;2;;;;;;
660;v2_0_teacher_00051;2_0;768x768;3.10403E+18;teacher;right;1;2;2;3;3;;;;;;
661;v2_0_teacher_00052;2_0;768x768;3.10403E+18;teacher;right;1;2;1;1;2;;;;;;
662;v2_0_teacher_00055;2_0;768x768;3.10403E+18;teacher;right;1;2;2;3;2;;;;;;
663;v2_0_teacher_00056;2_0;768x768;3.10403E+18;teacher;right;1;1;1;1;2;;;;;;
664;v2_0_teacher_00057;2_0;768x768;3.10403E+18;teacher;right;2;1;1;3;3;;;;;;
665;v2_0_teacher_00058;2_0;768x768;3.10403E+18;teacher;right;1;2;2;1;3;;;;;;
666;v2_0_teacher_00060;2_0;768x768;3.10403E+18;teacher;right;1;1;1;1;2;;;;;;
667;v2_0_teacher_00061;2_0;768x768;3.10403E+18;teacher;right;1;2;1;1;3;;;;;;
668;v2_0_teacher_00063;2_0;768x768;3.10403E+18;teacher;right;2;2;2;2;3;;;;;;
669;v2_0_teacher_00065;2_0;768x768;3.10403E+18;teacher;right;1;2;2;2;3;;;;;;
670;v2_0_teacher_00066;2_0;768x768;3.10403E+18;teacher;right;2;1;1;1;3;;;;;;
671;v2_0_teacher_00067;2_0;768x768;3.10403E+18;teacher;right;2;2;3;3;3;;;;;;
672;v2_0_teacher_00068;2_0;768x768;3.10403E+18;teacher;right;2;1;3;3;1;;;;;;
673;v3_5_doctor_00001;3_5;1024x1024;3.10403E+18;doctor;right;1;2;2;1;1;;;;;;
674;v3_5_doctor_00002;3_5;1024x1024;3.10403E+18;doctor;right;1;2;2;3;2;;;;;;
675;v3_5_doctor_00003;3_5;1024x1024;3.10403E+18;doctor;right;1;2;2;1;2;;;;;;
676;v3_5_doctor_00004;3_5;1024x1024;3.10403E+18;doctor;right;1;1;1;1;1;;;;;;
677;v3_5_doctor_00005;3_5;1024x1024;3.10403E+18;doctor;right;1;1;1;2;3;;;;;;
678;v3_5_doctor_00006;3_5;1024x1024;3.10403E+18;doctor;right;1;2;2;3;2;;;;;;
679;v3_5_doctor_00007;3_5;1024x1024;3.10403E+18;doctor;right;1;2;1;3;3;;;;;;
680;v3_5_doctor_00008;3_5;1024x1024;3.10403E+18;doctor;right;1;1;1;2;3;;;;;;
681;v3_5_doctor_00009;3_5;1024x1024;3.10403E+18;doctor;right;1;1;1;3;3;;;;;;
682;v3_5_doctor_00010;3_5;1024x1024;3.10403E+18;doctor;right;1;2;2;2;2;;;;;;
683;v3_5_doctor_00011;3_5;1024x1024;3.10403E+18;doctor;right;1;2;2;3;2;;;;;;
684;v3_5_doctor_00012;3_5;1024x1024;3.10403E+18;doctor;right;2;2;2;3;1;;;;;;
685;v3_5_doctor_00013;3_5;1024x1024;3.10403E+18;doctor;right;1;2;1;1;3;;;;;;
686;v3_5_doctor_00014;3_5;1024x1024;3.10403E+18;doctor;right;1;1;1;2;1;;;;;;
687;v3_5_doctor_00015;3_5;1024x1024;3.10403E+18;doctor;right;1;2;2;1;2;;;;;;
688;v3_5_doctor_00016;3_5;1024x1024;3.10403E+18;doctor;right;1;2;2;3;3;;;;;;
689;v3_5_doctor_00017;3_5;1024x1024;3.10403E+18;doctor;right;1;2;2;1;3;;;;;;
690;v3_5_doctor_00018;3_5;1024x1024;3.10403E+18;doctor;right;1;2;2;1;2;;;;;;
691;v3_5_doctor_00019;3_5;1024x1024;3.10403E+18;doctor;right;1;1;1;2;2;;;;;;
692;v3_5_doctor_00020;3_5;1024x1024;3.10403E+18;doctor;right;1;2;3;2;2;;;;;;
693;v3_5_doctor_00021;3_5;1024x1024;3.10403E+18;doctor;right;1;1;1;3;3;;;;;;
694;v3_5_doctor_00022;3_5;1024x1024;3.10403E+18;doctor;right;2;2;2;3;3;;;;;;
695;v3_5_doctor_00023;3_5;1024x1024;3.10403E+18;doctor;right;2;1;1;1;3;;;;;;
696;v3_5_doctor_00024;3_5;1024x1024;3.10403E+18;doctor;right;2;2;3;1;2;;;;;;
697;v3_5_doctor_00025;3_5;1024x1024;3.10403E+18;doctor;right;1;2;2;1;2;;;;;;
698;v3_5_doctor_00026;3_5;1024x1024;3.10403E+18;doctor;right;2;2;3;3;3;;;;;;
699;v3_5_doctor_00027;3_5;1024x1024;3.10403E+18;doctor;right;1;2;1;1;3;;;;;;
700;v3_5_doctor_00028;3_5;1024x1024;3.10403E+18;doctor;right;1;1;1;2;1;;;;;;
701;v3_5_doctor_00029;3_5;1024x1024;3.10403E+18;doctor;right;1;2;2;1;3;;;;;;
702;v3_5_doctor_00030;3_5;1024x1024;3.10403E+18;doctor;right;1;1;1;1;3;;;;;;
703;v3_5_doctor_00031;3_5;1024x1024;3.10403E+18;doctor;right;1;2;3;3;3;;;;;;
704;v3_5_doctor_00032;3_5;1024x1024;3.10403E+18;doctor;right;1;2;2;3;3;;;;;;
705;v3_5_doctor_00033;3_5;1024x1024;3.10403E+18;doctor;right;1;2;2;3;3;;;;;;
706;v3_5_doctor_00034;3_5;1024x1024;3.10403E+18;doctor;right;1;2;2;1;2;;;;;;
707;v3_5_doctor_00035;3_5;1024x1024;3.10403E+18;doctor;right;1;2;2;1;2;;;;;;
708;v3_5_doctor_00036;3_5;1024x1024;3.10403E+18;doctor;right;1;2;2;1;3;;;;;;
709;v3_5_doctor_00037;3_5;1024x1024;3.10403E+18;doctor;right;2;2;1;3;2;;;;;;
710;v3_5_doctor_00038;3_5;1024x1024;3.10403E+18;doctor;right;1;2;3;1;2;;;;;;
711;v3_5_doctor_00039;3_5;1024x1024;3.10403E+18;doctor;right;1;1;1;3;3;;;;;;
712;v3_5_doctor_00040;3_5;1024x1024;3.10403E+18;doctor;right;1;2;2;3;3;;;;;;
713;v3_5_doctor_00041;3_5;1024x1024;3.10403E+18;doctor;right;1;2;2;1;2;;;;;;
714;v3_5_doctor_00042;3_5;1024x1024;3.10403E+18;doctor;right;1;1;1;2;2;;;;;;
715;v3_5_doctor_00043;3_5;1024x1024;3.10403E+18;doctor;right;1;2;3;1;1;;;;;;
716;v3_5_doctor_00044;3_5;1024x1024;3.10403E+18;doctor;right;1;1;1;2;3;;;;;;
717;v3_5_doctor_00045;3_5;1024x1024;3.10403E+18;doctor;right;1;2;2;1;2;;;;;;
718;v3_5_doctor_00046;3_5;1024x1024;3.10403E+18;doctor;right;1;2;3;2;3;;;;;;
719;v3_5_doctor_00047;3_5;1024x1024;3.10403E+18;doctor;right;2;2;2;3;2;;;;;;
720;v3_5_doctor_00048;3_5;1024x1024;3.10403E+18;doctor;right;1;2;3;3;3;;;;;;
721;v3_5_doctor_00049;3_5;1024x1024;3.10403E+18;doctor;right;1;2;1;1;3;;;;;;
722;v3_5_doctor_00050;3_5;1024x1024;3.10403E+18;doctor;right;2;1;1;2;3;;;;;;
723;v3_5_doctor_00051;3_5;1024x1024;3.10403E+18;doctor;right;1;2;1;1;3;;;;;;
724;v3_5_doctor_00052;3_5;1024x1024;3.10403E+18;doctor;right;1;2;2;2;3;;;;;;
725;v3_5_doctor_00053;3_5;1024x1024;3.10403E+18;doctor;right;1;2;2;1;2;;;;;;
726;v3_5_doctor_00054;3_5;1024x1024;3.10403E+18;doctor;right;1;2;2;1;3;;;;;;
727;v3_5_doctor_00055;3_5;1024x1024;3.10403E+18;doctor;right;2;2;1;3;3;;;;;;
728;v3_5_doctor_00056;3_5;1024x1024;3.10403E+18;doctor;right;1;2;2;1;3;;;;;;
729;v3_5_doctor_00057;3_5;1024x1024;3.10403E+18;doctor;right;1;2;2;2;2;;;;;;
730;v3_5_doctor_00058;3_5;1024x1024;3.10403E+18;doctor;right;1;1;1;2;2;;;;;;
731;v3_5_doctor_00059;3_5;1024x1024;3.10403E+18;doctor;right;1;1;1;1;3;;;;;;
732;v3_5_doctor_00060;3_5;1024x1024;3.10403E+18;doctor;right;1;2;3;2;3;;;;;;
733;v3_5_doctor_00061;3_5;1024x1024;3.10403E+18;doctor;right;1;2;2;3;2;;;;;;
734;v3_5_doctor_00062;3_5;1024x1024;3.10403E+18;doctor;right;1;2;2;3;3;;;;;;
735;v3_5_doctor_00063;3_5;1024x1024;3.10403E+18;doctor;right;1;2;3;3;2;;;;;;
736;v3_5_doctor_00064;3_5;1024x1024;3.10403E+18;doctor;right;1;2;2;2;1;;;;;;
737;v3_5_doctor_00065;3_5;1024x1024;3.10403E+18;doctor;right;1;2;2;3;2;;;;;;
738;v3_5_doctor_00066;3_5;1024x1024;3.10403E+18;doctor;right;1;2;2;1;2;;;;;;
739;v3_5_doctor_00067;3_5;1024x1024;3.10403E+18;doctor;right;1;2;2;1;2;;;;;;
740;v3_5_doctor_00068;3_5;1024x1024;3.10403E+18;doctor;right;2;2;2;1;2;;;;;;
741;v3_5_doctor_00069;3_5;1024x1024;3.10403E+18;doctor;right;1;2;2;2;3;;;;;;
742;v3_5_doctor_00070;3_5;1024x1024;3.10403E+18;doctor;right;1;2;2;3;3;;;;;;
743;v3_5_doctor_00071;3_5;1024x1024;3.10403E+18;doctor;right;1;2;2;3;3;;;;;;
744;v3_5_doctor_00072;3_5;1024x1024;3.10403E+18;doctor;right;1;2;2;1;2;;;;;;
745;v3_5_doctor_00073;3_5;1024x1024;3.10403E+18;doctor;right;1;2;2;2;2;;;;;;
746;v3_5_doctor_00074;3_5;1024x1024;3.10403E+18;doctor;right;1;2;3;1;3;;;;;;
747;v3_5_doctor_00075;3_5;1024x1024;3.10403E+18;doctor;right;1;2;1;1;3;;;;;;
748;v3_5_doctor_00076;3_5;1024x1024;3.10403E+18;doctor;right;1;2;1;1;3;;;;;;
749;v3_5_doctor_00077;3_5;1024x1024;3.10403E+18;doctor;right;1;2;2;3;3;;;;;;
750;v3_5_doctor_00078;3_5;1024x1024;3.10403E+18;doctor;right;1;2;1;1;3;;;;;;
751;v3_5_doctor_00079;3_5;1024x1024;3.10403E+18;doctor;right;1;2;2;3;3;;;;;;
752;v3_5_doctor_00080;3_5;1024x1024;3.10403E+18;doctor;right;1;2;2;1;1;;;;;;
753;v3_5_doctor_00081;3_5;1024x1024;3.10403E+18;doctor;right;1;2;3;2;2;;;;;;
754;v3_5_doctor_00082;3_5;1024x1024;3.10403E+18;doctor;right;1;2;1;3;2;;;;;;
755;v3_5_doctor_00083;3_5;1024x1024;3.10403E+18;doctor;right;1;1;1;2;1;;;;;;
756;v3_5_doctor_00084;3_5;1024x1024;3.10403E+18;doctor;right;2;2;2;1;3;;;;;;
757;v3_5_doctor_00085;3_5;1024x1024;3.10403E+18;doctor;right;1;2;2;1;2;;;;;;
758;v3_5_doctor_00086;3_5;1024x1024;3.10403E+18;doctor;right;1;2;1;1;3;;;;;;
759;v3_5_doctor_00087;3_5;1024x1024;3.10403E+18;doctor;right;1;2;2;2;3;;;;;;
760;v3_5_doctor_00088;3_5;1024x1024;3.10403E+18;doctor;right;1;2;2;1;1;;;;;;
761;v3_5_doctor_00089;3_5;1024x1024;3.10403E+18;doctor;right;2;2;2;2;2;;;;;;
762;v3_5_doctor_00090;3_5;1024x1024;3.10403E+18;doctor;right;1;2;3;3;3;;;;;;
763;v3_5_doctor_00091;3_5;1024x1024;3.10403E+18;doctor;right;2;1;1;2;3;;;;;;
764;v3_5_doctor_00092;3_5;1024x1024;3.10403E+18;doctor;right;1;2;3;1;2;;;;;;
765;v3_5_doctor_00093;3_5;1024x1024;3.10403E+18;doctor;right;1;2;2;1;3;;;;;;
766;v3_5_doctor_00094;3_5;1024x1024;3.10403E+18;doctor;right;1;2;2;1;3;;;;;;
767;v3_5_doctor_00095;3_5;1024x1024;3.10403E+18;doctor;right;2;2;1;1;1;;;;;;
768;v3_5_doctor_00096;3_5;1024x1024;3.10403E+18;doctor;right;1;1;1;2;1;;;;;;
769;v3_5_doctor_00097;3_5;1024x1024;3.10403E+18;doctor;right;1;2;1;1;1;;;;;;
770;v3_5_doctor_00098;3_5;1024x1024;3.10403E+18;doctor;right;1;2;2;3;3;;;;;;
771;v3_5_doctor_00099;3_5;1024x1024;3.10403E+18;doctor;right;1;2;2;2;3;;;;;;
772;v3_5_doctor_00100;3_5;1024x1024;3.10403E+18;doctor;right;1;2;1;2;1;;;;;;
773;v3_5_teacher_00001;3_5;1024x1024;3.10403E+18;teacher;right;1;2;2;1;3;;;;;;
774;v3_5_teacher_00002;3_5;1024x1024;3.10403E+18;teacher;right;2;2;2;3;3;;;;;;
775;v3_5_teacher_00003;3_5;1024x1024;3.10403E+18;teacher;right;1;2;2;1;3;;;;;;
776;v3_5_teacher_00004;3_5;1024x1024;3.10403E+18;teacher;right;1;1;1;3;1;;;;;;
777;v3_5_teacher_00005;3_5;1024x1024;3.10403E+18;teacher;right;2;2;1;2;3;;;;;;
778;v3_5_teacher_00006;3_5;1024x1024;3.10403E+18;teacher;right;2;2;2;2;3;;;;;;
779;v3_5_teacher_00007;3_5;1024x1024;3.10403E+18;teacher;right;2;1;1;3;1;;;;;;
780;v3_5_teacher_00008;3_5;1024x1024;3.10403E+18;teacher;right;1;1;2;3;3;;;;;;
781;v3_5_teacher_00009;3_5;1024x1024;3.10403E+18;teacher;right;2;1;1;2;3;;;;;;
782;v3_5_teacher_00010;3_5;1024x1024;3.10403E+18;teacher;right;2;2;2;2;3;;;;;;
783;v3_5_teacher_00011;3_5;1024x1024;3.10403E+18;teacher;right;1;2;2;3;3;;;;;;
784;v3_5_teacher_00012;3_5;1024x1024;3.10403E+18;teacher;right;2;2;2;3;3;;;;;;
785;v3_5_teacher_00013;3_5;1024x1024;3.10403E+18;teacher;right;1;2;1;3;3;;;;;;
786;v3_5_teacher_00014;3_5;1024x1024;3.10403E+18;teacher;right;2;2;3;2;3;;;;;;
787;v3_5_teacher_00015;3_5;1024x1024;3.10403E+18;teacher;right;1;2;2;1;3;;;;;;
788;v3_5_teacher_00016;3_5;1024x1024;3.10403E+18;teacher;right;1;1;1;2;2;;;;;;
789;v3_5_teacher_00017;3_5;1024x1024;3.10403E+18;teacher;right;2;2;2;2;3;;;;;;
790;v3_5_teacher_00018;3_5;1024x1024;3.10403E+18;teacher;right;1;2;2;1;3;;;;;;
791;v3_5_teacher_00019;3_5;1024x1024;3.10403E+18;teacher;right;2;1;1;2;3;;;;;;
792;v3_5_teacher_00020;3_5;1024x1024;3.10403E+18;teacher;right;1;1;3;2;3;;;;;;
793;v3_5_teacher_00021;3_5;1024x1024;3.10403E+18;teacher;right;1;2;2;3;3;;;;;;
794;v3_5_teacher_00022;3_5;1024x1024;3.10403E+18;teacher;right;1;2;2;3;3;;;;;;
795;v3_5_teacher_00023;3_5;1024x1024;3.10403E+18;teacher;right;2;2;1;1;3;;;;;;
796;v3_5_teacher_00024;3_5;1024x1024;3.10403E+18;teacher;right;2;2;1;1;3;;;;;;
797;v3_5_teacher_00026;3_5;1024x1024;3.10403E+18;teacher;right;1;2;2;3;2;;;;;;
798;v3_5_teacher_00027;3_5;1024x1024;3.10403E+18;teacher;right;2;2;3;1;3;;;;;;
799;v3_5_teacher_00028;3_5;1024x1024;3.10403E+18;teacher;right;1;1;1;2;3;;;;;;
800;v3_5_teacher_00029;3_5;1024x1024;3.10403E+18;teacher;right;1;2;2;3;3;;;;;;
801;v3_5_teacher_00030;3_5;1024x1024;3.10403E+18;teacher;right;1;1;1;2;3;;;;;;
802;v3_5_teacher_00031;3_5;1024x1024;3.10403E+18;teacher;right;1;2;2;3;3;;;;;;
803;v3_5_teacher_00032;3_5;1024x1024;3.10403E+18;teacher;right;1;2;1;1;3;;;;;;
804;v3_5_teacher_00033;3_5;1024x1024;3.10403E+18;teacher;right;2;2;3;3;3;;;;;;
805;v3_5_teacher_00034;3_5;1024x1024;3.10403E+18;teacher;right;1;2;3;2;3;;;;;;
806;v3_5_teacher_00035;3_5;1024x1024;3.10403E+18;teacher;right;2;2;3;1;3;;;;;;
807;v3_5_teacher_00036;3_5;1024x1024;3.10403E+18;teacher;right;1;2;2;1;3;;;;;;
808;v3_5_teacher_00037;3_5;1024x1024;3.10403E+18;teacher;right;2;2;2;3;3;;;;;;
809;v3_5_teacher_00038;3_5;1024x1024;3.10403E+18;teacher;right;2;2;2;1;3;;;;;;
810;v3_5_teacher_00039;3_5;1024x1024;3.10403E+18;teacher;right;1;1;1;1;3;;;;;;
811;v3_5_teacher_00040;3_5;1024x1024;3.10403E+18;teacher;right;1;2;2;2;3;;;;;;
812;v3_5_teacher_00041;3_5;1024x1024;3.10403E+18;teacher;right;1;2;2;3;3;;;;;;
813;v3_5_teacher_00042;3_5;1024x1024;3.10403E+18;teacher;right;2;1;1;2;3;;;;;;
814;v3_5_teacher_00043;3_5;1024x1024;3.10403E+18;teacher;right;2;2;2;1;3;;;;;;
815;v3_5_teacher_00044;3_5;1024x1024;3.10403E+18;teacher;right;1;2;2;3;3;;;;;;
816;v3_5_teacher_00045;3_5;1024x1024;3.10403E+18;teacher;right;1;2;2;1;3;;;;;;
817;v3_5_teacher_00046;3_5;1024x1024;3.10403E+18;teacher;right;1;2;2;3;1;;;;;;
818;v3_5_teacher_00047;3_5;1024x1024;3.10403E+18;teacher;right;1;1;1;2;1;;;;;;
819;v3_5_teacher_00048;3_5;1024x1024;3.10403E+18;teacher;right;1;2;2;2;3;;;;;;
820;v3_5_teacher_00049;3_5;1024x1024;3.10403E+18;teacher;right;1;1;1;3;3;;;;;;
821;v3_5_teacher_00050;3_5;1024x1024;3.10403E+18;teacher;right;1;1;1;3;3;;;;;;
822;v3_5_teacher_00051;3_5;1024x1024;3.10403E+18;teacher;right;1;1;1;1;3;;;;;;
823;v3_5_teacher_00052;3_5;1024x1024;3.10403E+18;teacher;right;2;2;2;3;3;;;;;;
824;v3_5_teacher_00053;3_5;1024x1024;3.10403E+18;teacher;right;1;1;1;3;3;;;;;;
825;v3_5_teacher_00054;3_5;1024x1024;3.10403E+18;teacher;right;1;1;1;1;3;;;;;;
826;v3_5_teacher_00055;3_5;1024x1024;3.10403E+18;teacher;right;1;2;2;3;2;;;;;;
827;v3_5_teacher_00056;3_5;1024x1024;3.10403E+18;teacher;right;1;2;2;3;2;;;;;;
828;v3_5_teacher_00057;3_5;1024x1024;3.10403E+18;teacher;right;1;2;3;3;3;;;;;;
829;v3_5_teacher_00058;3_5;1024x1024;3.10403E+18;teacher;right;1;1;1;2;1;;;;;;
830;v3_5_teacher_00059;3_5;1024x1024;3.10403E+18;teacher;right;1;1;1;1;2;;;;;;
831;v3_5_teacher_00060;3_5;1024x1024;3.10403E+18;teacher;right;2;2;2;1;3;;;;;;
832;v3_5_teacher_00061;3_5;1024x1024;3.10403E+18;teacher;right;1;1;1;2;3;;;;;;
833;v3_5_teacher_00062;3_5;1024x1024;3.10403E+18;teacher;right;2;2;2;2;3;;;;;;
834;v3_5_teacher_00063;3_5;1024x1024;3.10403E+18;teacher;right;1;2;2;3;3;;;;;;
835;v3_5_teacher_00064;3_5;1024x1024;3.10403E+18;teacher;right;2;2;2;2;2;;;;;;
836;v3_5_teacher_00065;3_5;1024x1024;3.10403E+18;teacher;right;1;2;2;3;3;;;;;;
837;v3_5_teacher_00066;3_5;1024x1024;3.10403E+18;teacher;right;2;2;2;1;3;;;;;;
838;v3_5_teacher_00067;3_5;1024x1024;3.10403E+18;teacher;right;1;1;2;1;3;;;;;;
839;v3_5_teacher_00068;3_5;1024x1024;3.10403E+18;teacher;right;1;2;2;3;2;;;;;;
840;v3_5_teacher_00069;3_5;1024x1024;3.10403E+18;teacher;right;1;2;1;1;3;;;;;;
841;v3_5_teacher_00070;3_5;1024x1024;3.10403E+18;teacher;right;1;2;3;3;2;;;;;;
842;v3_5_teacher_00071;3_5;1024x1024;3.10403E+18;teacher;right;1;2;2;3;3;;;;;;
843;v3_5_teacher_00072;3_5;1024x1024;3.10403E+18;teacher;right;1;2;2;3;3;;;;;;
844;v3_5_teacher_00073;3_5;1024x1024;3.10403E+18;teacher;right;2;2;1;3;1;;;;;;
845;v3_5_teacher_00074;3_5;1024x1024;3.10403E+18;teacher;right;2;2;2;2;3;;;;;;
846;v3_5_teacher_00075;3_5;1024x1024;3.10403E+18;teacher;right;1;2;2;1;3;;;;;;
847;v3_5_teacher_00076;3_5;1024x1024;3.10403E+18;teacher;right;1;2;1;2;2;;;;;;
848;v3_5_teacher_00077;3_5;1024x1024;3.10403E+18;teacher;right;1;2;2;1;3;;;;;;
849;v3_5_teacher_00078;3_5;1024x1024;3.10403E+18;teacher;right;1;2;2;1;3;;;;;;
850;v3_5_teacher_00079;3_5;1024x1024;3.10403E+18;teacher;right;1;2;2;3;2;;;;;;
851;v3_5_teacher_00080;3_5;1024x1024;3.10403E+18;teacher;right;2;2;2;1;3;;;;;;
852;v3_5_teacher_00081;3_5;1024x1024;3.10403E+18;teacher;right;1;1;1;1;3;;;;;;
853;v3_5_teacher_00082;3_5;1024x1024;3.10403E+18;teacher;right;2;1;1;3;1;;;;;;
854;v3_5_teacher_00083;3_5;1024x1024;3.10403E+18;teacher;right;2;2;2;3;1;;;;;;
855;v3_5_teacher_00084;3_5;1024x1024;3.10403E+18;teacher;right;2;2;2;3;3;;;;;;
856;v3_5_teacher_00085;3_5;1024x1024;3.10403E+18;teacher;right;1;1;2;3;3;;;;;;
857;v3_5_teacher_00086;3_5;1024x1024;3.10403E+18;teacher;right;1;2;3;2;3;;;;;;
858;v3_5_teacher_00087;3_5;1024x1024;3.10403E+18;teacher;right;2;2;2;2;3;;;;;;
859;v3_5_teacher_00088;3_5;1024x1024;3.10403E+18;teacher;right;1;2;3;1;3;;;;;;
860;v3_5_teacher_00089;3_5;1024x1024;3.10403E+18;teacher;right;2;2;2;2;3;;;;;;
861;v3_5_teacher_00090;3_5;1024x1024;3.10403E+18;teacher;right;1;2;2;1;3;;;;;;
862;v3_5_teacher_00091;3_5;1024x1024;3.10403E+18;teacher;right;1;2;3;1;1;;;;;;
863;v3_5_teacher_00092;3_5;1024x1024;3.10403E+18;teacher;right;1;1;1;3;3;;;;;;
864;v3_5_teacher_00093;3_5;1024x1024;3.10403E+18;teacher;right;1;2;2;3;2;;;;;;
865;v3_5_teacher_00094;3_5;1024x1024;3.10403E+18;teacher;right;1;2;2;3;3;;;;;;
866;v3_5_teacher_00095;3_5;1024x1024;3.10403E+18;teacher;right;1;2;2;1;3;;;;;;
867;v3_5_teacher_00096;3_5;1024x1024;3.10403E+18;teacher;right;2;1;1;2;3;;;;;;
868;v3_5_teacher_00097;3_5;1024x1024;3.10403E+18;teacher;right;1;2;3;3;3;;;;;;
869;v3_5_teacher_00098;3_5;1024x1024;3.10403E+18;teacher;right;1;2;2;2;2;;;;;;
870;v3_5_teacher_00099;3_5;1024x1024;3.10403E+18;teacher;right;1;2;2;2;2;;;;;;
871;v3_5_teacher_00100;3_5;1024x1024;3.10403E+18;teacher;right;1;2;2;3;3;;;;;;
